name,team,opponent,is_home,position,toi,pp_toi,pk_toi,sog,goals,assists,points,blocks,hits,pim,takeaways,giveaways,p_goals,p_assists,p_points,p_assist_only,gp_30d,games_used,last_played
Moritz Seider,DET,NYR,1.0,D,24.386710814277414,2.5961447564550704,1.5022407995171057,2.194710887130054,0.10811198693639275,0.4731208422070608,0.5812328291434535,2.0248332099974484,1.4607902044594565,0.5013709156089826,0.38103137974804036,1.0924585477145865,0.102472920505714,0.37694522468587843,0.44079146714734785,0.33831854664163385,0,29.4,2026-04-15
Josh Morrissey,WPG,BOS,1.0,D,23.685799724075334,2.7237385681096122,0.8859330188637963,2.054659657903389,0.12284031003848754,0.41984729170736,0.5426876017458475,1.4975414215828473,0.8087065635515327,0.4835946945689663,0.3063918761889731,1.1758574615496997,0.11559511813358525,0.34285283602540706,0.41881584007620065,0.3032207219426154,0,29.4,2026-04-16
Charlie McAvoy,BOS,WPG,0.0,D,23.601300407258453,2.1299037233886353,1.9171704239503575,1.658664602945092,0.12526344756229701,0.4442597065465409,0.5695231541088379,1.7998614577013679,1.1406968687762544,0.6384027649525268,0.3449942624034694,1.0798926354050993,0.11773555845113415,0.35870115031110483,0.4342048285132968,0.31646927006216263,0,29.4,2026-04-14
Jackson LaCombe,ANA,VGK,0.0,D,22.98823448570806,2.405502608780769,0.544431350708106,1.6193976470341342,0.12456915503843664,0.431367944556816,0.5559370995952526,1.6240743557364157,1.0315828723274358,0.4117223455797395,0.501160939072316,1.0613210111147655,0.11712279615177201,0.35038015728957483,0.4264654497034941,0.3093426535517221,0,29.3,2026-04-16
Miro Heiskanen,DAL,STL,1.0,D,22.83936543060638,2.7858072366365905,2.593476458788709,1.735353649998591,0.1047706101589534,0.45691358347480265,0.5616841936337561,1.486504731259154,0.622085208550692,0.45430832815426575,0.39093607935530966,1.1216368142306257,0.0994689284253939,0.36676494032812357,0.4297521531550754,0.3302832247296815,0,29.4,2026-04-09
Philip Broberg,STL,DAL,0.0,D,22.505534427245514,2.023155085140501,1.8787695981011738,1.2659209792058816,0.08464173153782009,0.3399748729450969,0.42461660448291694,1.2149421044040105,0.7876155319418038,0.41157890773620065,0.3246233398928706,1.0939918822181514,0.0811585826594613,0.28821179232071514,0.3459795144096842,0.2648209317502229,0,29.3,2026-04-16
Thomas Harley,DAL,STL,1.0,D,22.458249050869803,1.9530339833910049,1.2978688722792813,1.7998832555588384,0.0997759018012984,0.38891091579785536,0.4886868175991538,1.7445937401488618,0.7578376664015133,0.44758015916639127,0.4399468699441391,1.0872306362636817,0.09495978680637474,0.3222053518799908,0.3865685871639687,0.29160880035759396,0,29.3,2026-04-15
Vladislav Gavrikov,NYR,DET,0.0,D,22.35301529398034,0.9318258657955836,2.4719738157787403,1.4335657102506487,0.09589623599517202,0.302179930961222,0.39807616695639403,1.3750107236312372,0.8798742359913586,0.5503207231976285,0.2490460303015988,0.99321834301526,0.09144171317587346,0.2607949529517788,0.32838912884212035,0.23694741566624689,2,29.4,2026-10-01
Adam Fox,NYR,DET,0.0,D,22.1028672530461,2.6608969539044196,0.834737322027951,1.582979794742053,0.11786326658220085,0.47335242137207445,0.5912156879542753,1.434153099712576,0.6987563640714998,0.44913865686275767,0.40337780931104095,0.9185360510092292,0.11118242462880246,0.3770894944849189,0.4463461948148386,0.33516377018603616,2,29.4,2026-10-01
Jakob Chychrun,WSH,CAR,0.0,D,21.858034855535223,2.0965808655268967,0.6682548103213503,1.8362829509513527,0.13417754465053433,0.35238599698929557,0.4865635416398299,1.7781814058719663,0.8940392442539754,0.6039074291417728,0.38058426227789793,1.0689565305891258,0.12556520040040353,0.2969912896479686,0.3852647192465506,0.25969951884614706,0,29.4,2026-04-14
Neal Pionk,WPG,BOS,1.0,D,21.832713321295646,1.32640605939881,1.563687696996429,1.7981492613894958,0.08478745382666403,0.3086956294125369,0.39348308323920095,1.446113788923112,1.9794322604399184,0.5532406613201459,0.3589379548358651,1.0192363545419592,0.08129246857856265,0.2655957329302219,0.325297268734954,0.24400480015639137,0,29.4,2026-04-11
Dylan Samberg,WPG,BOS,1.0,D,21.791522328595082,0.2355389072472466,2.1580082055423078,1.5210695473776337,0.06389002312151096,0.2542519677097889,0.3181419908312999,1.5353218205065413,1.0574003408295956,0.4083123229070241,0.39517400472318465,0.9831597251341069,0.0618918359346623,0.22450362261900103,0.2725005171757907,0.21060868124112841,0,29.4,2026-04-16
K'Andre Miller,CAR,WSH,1.0,D,21.72511691157072,0.7953666775833186,1.921443747488277,1.68764713823984,0.08845363853276965,0.33975526567467135,0.428208904207441,1.3306346464914807,1.3047397292334693,0.609128776849882,0.46446597560697084,0.9723746275901423,0.08465445348514333,0.2880554612902184,0.3483247371264274,0.2636702836412841,1,29.4,2026-09-29
Esa Lindell,DAL,STL,1.0,D,21.631955434095463,0.8186265721818309,3.1885619723041576,1.197852772091956,0.08247763765705866,0.31295496688956365,0.3954326045466223,1.7071039760327515,0.6507896914291427,0.3487738600570956,0.33573630225873247,1.1291774675591195,0.07916797041179902,0.2687171562315571,0.3266113347696734,0.2474433643578744,0,29.4,2026-04-15
Rasmus Andersson,VGK,ANA,1.0,D,21.528810222090094,1.1993069343199725,1.5047222839816725,1.9237704766080872,0.1236342445155363,0.37279589239226923,0.4964301369078055,1.7310795575204156,0.6993225291855063,0.5723379850262841,0.3609547938286235,1.1853927842907492,0.1162969990003917,0.3111941909969973,0.39130023947808346,0.27500324047769176,1,29.4,2026-09-29
Jaccob Slavin,CAR,WSH,1.0,D,21.5199014767714,0.2439372097204917,2.7280760997135194,1.6515139687212987,0.07402884161027602,0.27743795094959106,0.35146679255986707,1.4546169949737637,0.5978461319849172,0.3057359415258204,0.5946431637065831,0.956718098719418,0.07135509015953223,0.24227742088913629,0.2963447838375052,0.22498969367797295,1,29.4,2026-09-29
Simon Edvinsson,DET,NYR,1.0,D,21.36510301986219,0.3670723956440463,1.520060709924296,1.3632128508691073,0.08511255113652919,0.2777110480530699,0.36282359918959906,1.718140959843777,1.327443702284941,0.528183122729709,0.358922547243418,1.0934422276511249,0.08159108938254045,0.2424843244770607,0.30429085366732833,0.22269976428478788,0,29.3,2026-04-15
Marcus Pettersson,NYR,DET,0.0,D,21.33848148068197,0.21550837645906387,2.2442133467550778,0.9985376753225558,0.06456926389130997,0.22839007574542378,0.29295933963673376,1.6675646051680661,1.1221915140589063,0.4583470444657976,0.3068109893710212,0.8971418599396072,0.06252882088861111,0.2041862283677559,0.25394752515483854,0.19141870426622742,2,29.4,2026-10-01
Noah Hanifin,VGK,ANA,1.0,D,21.00852216177541,0.497037193660961,1.5666295008768307,1.6977525359854213,0.08308483454565876,0.32447311323988276,0.40755794778554155,1.5656043773670898,0.7243345260104423,0.3880083488424896,0.37750926142647273,1.1842085662093056,0.0797269270395522,0.27709185595356933,0.33472710081025725,0.25500017377070505,1,29.4,2026-09-29
Colton Parayko,STL,DAL,0.0,D,20.94223076710826,0.27350489375041315,1.9659416384455886,1.4343765849796801,0.07425837109102307,0.20748417172902878,0.28174254282005184,1.6530675652354276,1.38953240049661,0.42539989531174627,0.3936265623835343,0.9901834742290179,0.07156821708309458,0.1873738958625225,0.24553209729082293,0.17396388020772835,0,29.4,2026-04-16
Dylan DeMelo,WPG,BOS,1.0,D,20.819450115438446,0.2465443948589264,2.077111782672612,1.171700373779219,0.05543616627977548,0.23960481518969445,0.29504098146946994,1.2352961979535413,1.4053647049333717,0.4440817900564076,0.32911189415207237,0.9817785593493247,0.05392758693529798,0.21306121411905454,0.255498923907407,0.20157133697210905,0,29.4,2026-04-16
Shea Theodore,VGK,ANA,1.0,D,20.813185677901302,1.2985580953862474,0.9132081236445934,1.749898749314349,0.10908901009449204,0.41370759822609743,0.5227966083205895,1.2329155575380932,0.46622150016869424,0.49905630660504546,0.38482076064748716,1.2723394561823769,0.10334939700875889,0.3388057426232386,0.4071397704287809,0.303790373420022,1,29.3,2026-09-29
Sean Walker,CAR,WSH,1.0,D,20.739487416329542,0.40467486652210055,2.014688948922504,2.023415170751812,0.10092857502960519,0.3172818054381163,0.41821038046772147,1.455785882577827,1.5947591937322496,0.6136703996875166,0.43319029771876816,1.1418757887840485,0.09600240141824912,0.2718744635246161,0.34177626356020396,0.24577386214195485,1,29.4,2026-09-29
Mark Scheifele,WPG,BOS,1.0,C,20.548562693496237,2.9532259456055225,0.5700101215243907,2.1793442207951133,0.32440310852480203,0.576212496028424,0.900615604553226,0.6597089362512631,0.8263376224029316,0.5772926838798474,0.4724402222821886,1.3331618427699454,0.27704124720351087,0.43797699514944133,0.593680549370305,0.31663930216679415,0,29.4,2026-04-16
Justin Faulk,DET,NYR,1.0,D,20.447499277374458,1.3137795899152225,1.2450106247299522,1.825505735444049,0.10710493968846636,0.3019332362821952,0.40903817597066155,1.5243972432595145,1.0536254840951256,0.4421099080491284,0.3576031587105446,0.8461219906777675,0.1015686130666359,0.26061257250474434,0.3357111280343452,0.23414251496770933,0,29.4,2026-04-15
Hampus Lindholm,BOS,WPG,0.0,D,20.44684438914482,0.9414952206552817,2.032097069563363,1.349225922926889,0.07191831904565739,0.2925694186247343,0.36448773767039166,1.3391979322914733,0.5835672025761561,0.5322231683918812,0.3264752742325653,0.9362716469062577,0.06939309443294672,0.25365656689715954,0.3054476472298745,0.23605455279692777,1,29.3,2026-09-29
Logan Mailloux,STL,DAL,0.0,D,20.446811866486588,1.2069701866329652,1.440637643848709,1.5115019539093502,0.07888183467359515,0.2569319568707196,0.3358137915443148,1.1788204339439603,1.5422765741304747,0.6100825834048056,0.3371668486916754,0.9686610920333549,0.0758508796241707,0.2265791620508636,0.2852438129289687,0.20939293330479802,0,27.2,2026-04-16
Kyle Connor,WPG,BOS,1.0,L,20.36301112502205,2.9303389978869165,1.054748695172934,3.1201034279508564,0.38768369511819945,0.48479326969529996,0.8724769648134993,0.4095843531696856,1.0370568448196542,0.3749185610046544,0.370441333073737,0.8109582191215272,0.3213730376591063,0.38417550680906365,0.5820848948507145,0.26071185719160817,0,29.4,2026-04-16
Ben Chiarot,DET,NYR,1.0,D,20.131830095135285,0.28970466881687484,1.368773226154477,1.4391900094396575,0.0623459387596823,0.23950022910668106,0.30184616786636337,1.6108233648445367,1.727634818961541,0.6271565376120573,0.3065488789379825,0.8027724983892074,0.06044219889590252,0.21297890696985178,0.26054819241005056,0.20010599351414804,0,29.4,2026-04-15
Matt Roy,WSH,CAR,0.0,D,19.99030870608507,0.2646016247595163,2.3942834020922863,1.06910952312176,0.05559651660444144,0.22944946610518654,0.285045982709628,1.7565903557793197,1.4490728390059933,0.3245922065689337,0.2079423276766653,0.8279463603492816,0.05407927779172639,0.20502885938919146,0.24802032453868894,0.19394104674696255,0,29.4,2026-04-14
Cam Fowler,STL,DAL,0.0,D,19.973733844936145,0.5720032561007965,1.6566491035529913,1.0188512046803377,0.055188642915683976,0.251644868418938,0.306833511334622,1.0014446621003201,0.5697767465295539,0.313402303650501,0.27667503632522417,0.6848871955040209,0.05369338292465553,0.22247918876010198,0.2642269114098946,0.2105335284852391,0,29.4,2026-04-16
Jalen Chatfield,CAR,WSH,1.0,D,19.966128207163397,0.22742250196362931,2.2423106103239365,1.4429882077803078,0.0680486175874315,0.24930263510358344,0.31735125269101494,0.989165689391325,0.78478876310499,0.3416848786642624,0.38712461957599453,0.9922040824445485,0.06578494680892066,0.22065591918480998,0.2719250280870844,0.20614008127816374,1,29.4,2026-09-29
Nikita Zadorov,BOS,WPG,0.0,D,19.90505849295682,0.23541659088381114,1.5079917006028847,1.3784536952964834,0.06026356449649377,0.24184036348688884,0.3021039279833826,1.1354231903177598,1.9036371747217673,0.7768108016595003,0.28207945072634755,0.904317519497871,0.0584836494033123,0.21481848881374377,0.2607387690319237,0.20225511962861142,1,29.4,2026-09-29
Braden Schneider,NYR,DET,0.0,D,19.87981393292697,0.3905798320027648,2.341733659671055,1.3117941656522132,0.059146490279546306,0.2269107231755671,0.2860572134551134,1.612596815638703,1.6209799635669393,0.4747004015912732,0.24767166689334374,0.891789848636167,0.05743131810657642,0.20300806797712911,0.24878036515350954,0.19134904704693312,2,29.4,2026-10-01
Parker Wotherspoon,VGK,ANA,1.0,D,19.826278183285176,0.23278474814887895,1.5897983204098365,1.0363184263213856,0.05475325642437307,0.32647411697451084,0.3812273733988839,1.3398443424382143,1.5988412199227509,0.5803557758347395,0.3035785841900369,1.374781302452352,0.05328128410232247,0.27853695154657787,0.3169774292005523,0.2636961450982298,1,29.3,2026-09-29
Brayden McNabb,VGK,ANA,1.0,D,19.8111431678344,0.2518379727063179,2.018260835667666,1.5188984329938013,0.08627159374051721,0.2975091914405961,0.38378078518111336,1.7498358358492643,1.3637293778518509,0.4657301807012936,0.2997265916176733,0.9521046004027313,0.08265494779012172,0.2573342429787774,0.3187192423508778,0.23606429456075606,1,29.4,2026-09-29
Jason Robertson,DAL,STL,1.0,L,19.698703759690478,3.586912719286778,0.1215519715531724,3.1371191628359614,0.40961896512495,0.513188690757141,0.922807655882091,0.4643063975886856,0.8974934791684768,0.4704656793577452,0.3487879089459074,1.060065318897239,0.33609682779053784,0.4014161662877864,0.6025982939651602,0.26650146617462234,0,29.4,2026-04-15
Martin Fehrvry,WSH,CAR,0.0,D,19.567302266805804,0.20736228850496646,2.326582427233445,0.8913112275701135,0.059159589842496,0.24547716143884907,0.30463675128134504,2.1018941662590183,1.444219654659872,0.3989452292379959,0.23941161256090315,0.741421034715656,0.057443665263487875,0.21766884909168982,0.26260881784966605,0.20516515258617818,0,29.4,2026-04-14
Rasmus Sandin,WSH,CAR,0.0,D,19.554488435307174,0.4845099325700305,1.461958071358194,1.1681301844084462,0.06463589615013482,0.2627947848067492,0.32743068095688405,1.8725731203208569,1.2391481998723322,0.34542026773348755,0.3705074900163744,0.9887879555011322,0.06259128462978536,0.231100328983596,0.27922674714393203,0.21663546251414667,0,29.4,2026-04-11
Jack Eichel,VGK,ANA,1.0,C,19.521877954227477,3.2294163146565733,1.0085581335963234,2.8788833153295927,0.3566026381367199,0.6205961948215197,0.9771988329582396,0.5414040329342772,0.7369942446585475,0.4030292946436473,0.3744319249068844,1.192594938469218,0.299949384108702,0.4623761865065733,0.6236361182460983,0.32368673413739635,1,29.4,2026-09-29
Mika Zibanejad,NYR,DET,0.0,C,19.492119195927835,2.850030068623096,1.5219210673993209,2.2411422975589765,0.2972892614579712,0.45026905186989663,0.7475583133278678,0.623332387980787,1.2359292053423512,0.3365649367059178,0.38852343557093544,0.9623577858424558,0.2571708905493496,0.3625433803481859,0.526478666910621,0.26930777636127134,2,29.4,2026-10-01
Domenick Fensore,CAR,WSH,1.0,D,19.407176651468255,0.5594024714879574,1.6224900844967474,1.67189417319888,0.0710069955692821,0.2547546512870408,0.32576164685632286,1.501747447304767,1.1646734255748727,0.4946600793227134,0.3046800341660889,0.8160990597185693,0.06854462395581606,0.22489335394815269,0.2780227475274303,0.20947812357161422,0,2.9,2025-10-28
David Pastrnak,BOS,WPG,0.0,R,19.38983746985153,2.394673006908312,0.1287948381845159,2.806664998120094,0.3104050310794411,0.5040609645053545,0.8144659955847957,0.47718892238156624,1.1410451950172387,0.6147142161970967,0.3803044362717304,1.0960097468541548,0.2668500524351737,0.39592744525122603,0.5571242381605858,0.2902741857254121,1,29.4,2026-09-29
Pavel Mintyukov,ANA,VGK,0.0,D,19.292414377349687,0.5877870117023111,2.282738174831426,1.1634920816551328,0.07662170825231028,0.23309101527402812,0.3097127235263384,1.4959662283020514,0.849375020736117,0.43810272537523265,0.29819312208113186,0.7837453528308514,0.07375982364469091,0.20791852126933918,0.2663423114527388,0.19258248780804788,0,29.3,2026-04-16
Timothy Liljegren,WSH,CAR,0.0,D,19.181110506603748,0.6063712063248021,1.4794512122785324,1.1067795710020465,0.05794057807048984,0.22912590066022315,0.287066478730713,1.8171935251966613,0.9905549316822554,0.5380330689910224,0.255789683038921,0.88954966310971,0.056293977396511874,0.20477159257926636,0.24953816257167316,0.1932441851751613,0,29.3,2026-04-12
Wyatt Johnston,DAL,STL,1.0,C,19.12782585137237,3.227878639945323,0.33708153280017095,2.2641292636421952,0.3821146903842678,0.45888764220740447,0.8410023325916722,0.5746283890779785,1.044028722201879,0.45294029042065087,0.36024820512368994,0.8374480267070251,0.3175832179259641,0.36801375050959484,0.5687219773077189,0.2511387593817548,0,29.4,2026-04-15
Mikael Granlund,ANA,VGK,0.0,C,19.113358011702005,2.631939280151014,1.445343202242457,1.8172688738045735,0.2891981843990523,0.4080643524497466,0.6972625368487989,0.7540538089158648,0.854264130190088,0.36467723944961355,0.38631699516766527,0.6935825462760362,0.2511362224226158,0.3350639128205918,0.5020534499073035,0.2509172274846877,0,29.4,2026-04-16
Mikko Rantanen,DAL,STL,1.0,R,19.05778782862516,3.4841309600939097,0.12422584708491412,2.072708477186651,0.3229067525025164,0.5305945517641357,0.8535013042666522,0.45016042908973747,0.9877164643641453,0.6607089059146336,0.4401632076963328,1.003282936275097,0.2759586337343125,0.4117448824318457,0.5740789609631709,0.2981203272288584,0,29.4,2026-04-15
Alexander Nikishin,CAR,WSH,1.0,D,19.01743293465255,1.4724003200405844,1.011102788266369,1.4963929350964607,0.09013281202630695,0.313300338950572,0.403433150976879,1.307905401839611,1.3270397639606606,0.4453255596825655,0.34941104667422324,0.9479534936472095,0.08619018772131781,0.268969677285121,0.33197731802989205,0.24578713030857424,0,27.6,2026-04-14
Mitch Marner,VGK,ANA,1.0,R,18.97928205344697,3.2129953767628123,1.2080250831922357,2.314570314271737,0.31302887784126177,0.5124052146306521,0.8254340924719139,0.4990728768750585,0.7285473565514025,0.4262478088480988,0.48590932061852143,1.051073528769741,0.26877120404511323,0.40094700638057623,0.5619552007624984,0.29318399671738515,1,29.4,2026-09-29
Dylan Larkin,DET,NYR,1.0,C,18.957126842312196,2.4331747037142235,1.3505734565095546,2.7262721554564706,0.33447307244613805,0.4359579739617402,0.7704310464078783,0.4733306418481043,0.9912886297670226,0.4209476933745004,0.3533912466961047,0.8307998944993141,0.2842848829742125,0.3533550987122386,0.537186468800701,0.2529015858264885,0,29.4,2026-04-13
Shayne Gostisbehere,CAR,WSH,1.0,D,18.662906693560565,2.284797934933379,0.3223971171314891,1.9321175380248476,0.12018887847313847,0.3829681370324106,0.5031570155055491,1.3148451198099593,0.778782646111357,0.41089073898150374,0.33354458848043816,0.8799428075121107,0.11324706764124326,0.318165375785589,0.3953811475941401,0.28213407995289685,1,29.4,2026-09-29
Tyler Myers,DAL,STL,1.0,D,18.631163640083905,0.24174184575868882,1.6680338177977352,1.2845593940013351,0.06181075985338814,0.2275967734543907,0.28940753330777885,1.4336338789574017,1.0461249813678786,0.5505441580740942,0.28255323364554286,1.0366464289745616,0.05993923280309055,0.2035546569990997,0.251292979828168,0.19135374702507746,0,29.4,2026-04-15
Ronan Seeley,CAR,WSH,1.0,D,18.47995587147236,0.6715161804601347,1.3257044269457072,1.3658880604134056,0.07199112233881795,0.26283265329127836,0.3348237756300963,1.4075151750067527,1.0617647875214395,0.4449961558372939,0.3113603427151135,0.8421489186309423,0.06946084321411283,0.23112944549758974,0.28453584253582964,0.2150749993217168,0,1.0,2026-04-14
Sebastian Aho,CAR,WSH,1.0,C,18.45291431446744,2.616033414651017,1.5097814395445228,2.390855753683162,0.2938376312633347,0.48213203772010904,0.7759696689834437,0.4199384443193802,0.8729480973127327,0.5325687326401498,0.3781310301435173,1.0531374934913798,0.2546024891297095,0.3825344723585071,0.5397427326478206,0.28514024351811107,1,29.4,2026-09-29
Alex DeBrincat,DET,NYR,1.0,R,18.431592488698247,2.659332925564822,0.13329275487994907,3.106743598065074,0.36975056142816964,0.4582131942171882,0.8279637556453578,0.5431057905795311,0.8979146360460245,0.37956576014819726,0.5022492322999372,0.9395979609618583,0.30909335208730293,0.36758736488248,0.5630619061733186,0.2539685540860157,0,29.4,2026-04-15
Connor Clifton,BOS,WPG,0.0,D,18.390683968848386,0.19347709230214172,1.8900467547453719,1.023729981893044,0.05205477400977143,0.20679042575662726,0.2588451997663987,1.5376453189823447,2.2974140177946016,0.6972598265751627,0.26990970147600035,0.7305729626909973,0.05072313028168074,0.18680994417872254,0.22805748932391234,0.1773343590422316,1,29.4,2026-09-29
Robert Thomas,STL,DAL,0.0,C,18.383761673891637,2.2496986161254573,0.8343288565913286,1.713628468738609,0.2755146881642402,0.42575193258696986,0.70126662075121,0.5941751740968638,0.6715159851741322,0.4512872803928793,0.41239655487732974,1.0137637287729002,0.24081871896718898,0.3467216209007107,0.5040432832843633,0.26322456431717434,0,29.4,2026-04-16
Henri Jokiharju,BOS,WPG,0.0,D,18.31889718525303,0.3769533107513398,0.8938831004883468,1.107488169743531,0.05898548710008926,0.256495057628208,0.3154805447282973,1.0906858372632762,0.8584756885308275,0.38352960790744767,0.22765917507337097,0.8752348361588999,0.057279549334635305,0.22624118124621828,0.27056173767813474,0.21328218834349943,0,29.3,2026-04-12
Tom Wilson,WSH,CAR,0.0,R,18.305725414992395,2.042064981993743,1.724351377332417,1.807810952839398,0.27178831552645805,0.3602569713123992,0.6320452868388573,0.7524002354467549,2.038866892048789,0.7630747663244284,0.31363489993509724,0.8865896856524226,0.23798444912131822,0.3025029336968139,0.4684963887847132,0.230511939663395,0,29.4,2026-04-14
Cole Hutson,WSH,CAR,0.0,D,18.199878634308845,1.8621940581277836,0.44614315655359293,1.4562968328485772,0.10493757971991163,0.2904560474522121,0.39539362717212373,1.3102568759448607,1.1781381737921557,0.488024504003407,0.3584654193210964,0.8144291731641707,0.09961927715086427,0.25207759831518084,0.3265850873359609,0.22696581018509665,0,11.3,2026-04-14
Sean Durzi,NYR,DET,0.0,D,18.199190748216406,0.7044231553179372,0.8709620421409682,1.2648234925389619,0.06862116832075181,0.263254834391901,0.33187600271265283,1.3326749207928164,0.8552704213032096,0.48641120335551685,0.23668431468724227,0.7387327443260782,0.06631967922737714,0.23145397960362257,0.2824237051477876,0.21610402592041045,2,29.3,2026-10-01
Leo Carlsson,ANA,VGK,0.0,C,18.181124240923403,2.825146802688131,0.31420183249499944,2.3623744466620384,0.2940221795183937,0.4151055861164063,0.7091277656348001,0.57787201914359,0.6622440401157115,0.3520441658066534,0.44547046828012143,0.7808004046065241,0.2547400382470508,0.3397294383800149,0.5079267865004917,0.2531867482534409,0,29.3,2026-04-16
Lucas Raymond,DET,NYR,1.0,L,18.12266072431142,2.582020020909487,0.28237645042574916,2.2113359893071456,0.2816428470695594,0.4232332605825161,0.7048761076520755,0.4069618489681399,0.9417189689661348,0.35639847392517665,0.3653403179107409,0.7685173759574032,0.24545687629749546,0.3450741530915551,0.5058302056801938,0.2603733293826983,0,29.4,2026-04-15
Dylan Holloway,STL,DAL,0.0,L,18.060723430348492,2.2056929143769843,0.39187532493608485,2.4938454086803006,0.3086202295526418,0.4034370841623272,0.712057313714969,0.5969876861581301,1.8470275496368604,0.4474546997579866,0.31241047570765906,0.688752042972842,0.2655403568637308,0.33197994548181664,0.509366229150704,0.24382587228697317,0,29.3,2026-04-16
Mark Stone,VGK,ANA,1.0,R,18.042463200246456,3.0468103096735173,0.7779082391411494,2.0949522745342475,0.3733059451538015,0.5138472998835233,0.8871532450373247,0.6619448691335684,0.9111715022331793,0.35384304469047506,0.4336424619421236,1.0042051430379508,0.31154542871953894,0.4018102692694183,0.5881735453855029,0.276628116665964,1,29.3,2026-09-29
Elias Salomonsson,WPG,BOS,1.0,D,18.000135177366346,0.5809471423083468,0.743388986159497,1.3382470188523838,0.06780539455553314,0.24962343143326074,0.31742882598879385,1.0587753699759732,1.4807148964439005,0.455305492080547,0.20740507435465075,0.925400910002647,0.06555769655611099,0.22090588980851822,0.2719815050731046,0.2064238085169936,0,19.7,2026-04-02
Alberts Smits,NYR,DET,0.0,D,17.97175496289704,0.5462807632937979,0.9462708728525553,1.193791065266002,0.06651442398027363,0.2415119426868563,0.3080263666671299,1.363493419719526,1.1664818220229478,0.4341560416657575,0.2510479636081677,0.7422075484948281,0.06435058002977789,0.2145605765241071,0.26510405900303513,0.20075347897325724,2,2.0,2026-10-01
Mason Lohrei,BOS,WPG,0.0,D,17.970761406186934,0.9996790533198392,0.4615585513088439,1.1299404409046867,0.07469043707787465,0.25593493054169963,0.3306253676195743,1.301097344345666,0.5966012001211037,0.3763840874279033,0.26030118080005726,0.9397824398067917,0.07196927422978983,0.22580765657028734,0.28152571764118395,0.20955644341139412,1,29.3,2026-09-29
Gabriel Vilardi,WPG,BOS,1.0,C,17.911116323947187,2.839272719090212,0.20847619768790665,1.825289905357428,0.2908381408132308,0.4411213085818611,0.7319594493950918,0.5075380565023825,0.7107718262714068,0.3902503354749896,0.2847433153191249,0.7204760296018158,0.25236331990978345,0.3566853377500392,0.5190343616620803,0.26667104175229683,0,29.4,2026-04-16
Matthew Robertson,NYR,DET,0.0,D,17.902656605847227,0.23224928027220168,1.455361537485593,1.198780374134743,0.06135137559672472,0.20459055750577418,0.2659419331024989,1.1180355895443383,1.307708400792882,0.4674417087840479,0.2214628730698771,0.7056670828421052,0.059507284478799716,0.1850190640650955,0.2335163664645723,0.17400908198577258,0,27.1,2026-04-15
Seth Jarvis,CAR,WSH,1.0,C,17.870066634450932,2.484406775421677,1.313413339798755,2.6020583659439547,0.33535899997971874,0.4403689980910838,0.7757279980708025,0.45233431158886933,1.0262696395684665,0.4265199370817316,0.4832100430488243,0.6944367422262642,0.2849186739147097,0.3562011832863514,0.5396314884122634,0.2547128144975537,0,29.4,2026-04-11
J.T. Miller,NYR,DET,0.0,C,17.855777609599354,2.6259588243859864,1.3316117635592681,1.863655502036103,0.26108758667535825,0.4239065844868401,0.6849941711621983,0.6230683109804672,1.3589767705730256,0.5452920827746037,0.2926621422039167,0.8902604149848297,0.22978654377527163,0.34551498189289864,0.4959068321564255,0.26612028838115387,2,29.4,2026-10-01
Jonathan Aspirot,BOS,WPG,0.0,D,17.701825347692857,0.19727509057907472,1.0136631630134356,1.0430337623109858,0.05703902133222521,0.22201726472470515,0.27905628605693034,1.3533429323858739,1.1409080913504004,0.5090080423924107,0.22893298081125066,0.825008170403805,0.0554427892333349,0.19909846312925417,0.2435026782346329,0.188059889001298,1,25.9,2026-09-29
Alexis Lafrenire,NYR,DET,0.0,L,17.683927841365538,2.7096431064203172,0.1482108503550254,2.03345320593383,0.28536636593071296,0.3847708547655614,0.6701372206962743,0.42929937206227287,1.0319782267720794,0.3716438356808348,0.30029812981090737,0.6669365298185435,0.24826120761979453,0.31939342390909675,0.48836163440339797,0.24010042678360344,2,29.4,2026-10-01
Will Borgen,BOS,WPG,0.0,D,17.66114243325914,0.18818509541468628,1.9265635674002641,0.991815191007679,0.04991471638872037,0.2004593536080885,0.2503740699968089,1.2450830995606041,1.2636958743976763,0.4704675070020301,0.24164652448021826,0.6536658434012885,0.048689447759424964,0.18164524748227906,0.2214904884536678,0.17280104069424285,1,29.4,2026-09-29
Troy Terry,ANA,VGK,0.0,R,17.55091835345897,2.6303166730757224,0.2483700220092835,2.3201557022151156,0.29635317277410056,0.39526297317327563,0.6916161459473762,0.39346977958786744,0.6313355398975152,0.37622580855284543,0.38323314187323637,0.6709909146711382,0.25647521106789783,0.3264970972367335,0.49923389637778404,0.2427586853098862,0,29.4,2026-04-16
Erik Gustafsson,DET,NYR,1.0,D,17.49707498880181,1.2712588370909643,0.34872014735762136,1.2954119552695262,0.06319557365185438,0.2733476841638071,0.3365432578156615,1.0527729733381193,0.8233297320019448,0.3493017740513562,0.27979134692883467,0.9572601439538122,0.061240140959222034,0.23917178628376712,0.28576501333750237,0.22452487237828034,0,29.3,2026-01-31
Elias Lindholm,BOS,WPG,0.0,C,17.459285379316146,1.7052177957327241,1.079522941321505,1.6556924253873453,0.25004981153370015,0.3553553661993121,0.6054051777330123,0.7010191710807242,0.822108956818093,0.36518649689718086,0.3008505288491341,0.6238802174204457,0.22123800922388692,0.2990756858643515,0.45414678574034073,0.2329087765164538,1,29.4,2026-09-29
Alex Killorn,ANA,VGK,0.0,L,17.40882222311594,1.9157973660909238,1.7814051948577116,1.7761660578876868,0.24126476127592705,0.30197442030247335,0.5432391815784003,0.40578922533831413,1.0990356302551842,0.41444685591869695,0.29178395097154414,0.6195759023931378,0.21436640650259164,0.2606430228245141,0.4191363211442416,0.20476991464164995,0,29.4,2026-04-16
Andrew Copp,DET,NYR,1.0,C,17.38489589249245,1.3041617878881824,1.2749111918505092,1.7042112835967465,0.24259551748165406,0.3684306078088524,0.6110261252905065,0.7489594600503183,0.8682601578924053,0.3387715391173877,0.3735555011187157,0.8492169557838896,0.21541119794703056,0.30818078521630343,0.45720639103563354,0.24179519308860298,0,29.4,2026-04-15
Hunter Skinner,STL,DAL,0.0,D,17.36745587147236,0.6715161804601346,1.163204426945707,1.2105458588141367,0.061640090213719384,0.22292851452628462,0.284568604740004,1.2512539687670157,1.319513471345749,0.43388321657652323,0.26797152878493835,0.6843462008409374,0.05977877927880326,0.199827952072006,0.24766126031016145,0.18788248103135818,0,1.0,2025-11-14
Tristan Luneau,ANA,VGK,0.0,D,17.36677766442891,0.41789465171943146,0.42686061255735436,1.2539377547336858,0.07030436286067,0.2131573824539074,0.2834617453145774,1.305028139367302,1.0875358920304448,0.4454431235521183,0.22248176346602652,0.6617823314673378,0.06788992296176355,0.19197104237134677,0.24682806605563012,0.17893814309386658,0,11.3,2026-04-16
Jeremy Lauzon,VGK,ANA,1.0,D,17.29845053258949,0.18476801131782628,2.104557898000438,1.2799253729268414,0.06505163531096644,0.23831549862197016,0.3033671339329366,1.2775900239127855,2.534034178594782,0.7064407962265344,0.2519108195870095,0.7954470778325656,0.06298092114327902,0.21204594654462428,0.26167201864982426,0.19869109750654523,1,29.4,2026-09-29
Aliaksei Protas,WSH,CAR,0.0,L,17.21026750496305,0.4734329638629833,1.5740782436888008,1.753430123680293,0.2594316879790956,0.3038144803035385,0.5632461682826342,0.566090448409071,0.8624397823493999,0.3575545953729926,0.3379760185403707,0.8020404530280507,0.22851009177132997,0.26200223312696436,0.43064217056215837,0.2021320787908284,0,29.4,2026-04-14
Jimmy Snuggerud,STL,DAL,0.0,R,17.192123248877422,2.178548290800196,0.12706573433128907,2.3080043315049856,0.27781256068715043,0.3789243751550231,0.6567369358421735,0.5042907485011526,1.207654874661225,0.4151813545971384,0.3283286823927203,0.8764194340861935,0.24256121798574304,0.31540261672033665,0.4814593918385043,0.23889817385276124,0,27.3,2026-04-16
Nils Lundkvist,DAL,STL,1.0,D,17.183035167355044,0.32499008231502474,0.37334446104543684,1.1453200505149805,0.05498195672737313,0.2262174183806835,0.2811993751080566,1.0344123116002182,0.6684508166839551,0.36358284232035676,0.23215061365368783,0.8477811452931366,0.05349777420288471,0.20245531805923078,0.24512218337040947,0.19162440916752477,0,29.3,2026-04-15
Matt Duchene,DAL,STL,1.0,C,16.985231174125172,2.896914319478537,0.20782413272837852,1.7984048347803376,0.27870535425640697,0.46254458161783624,0.7412499358742433,0.4468297822281598,0.8147154659449225,0.2784001310857986,0.2975005039050344,0.9205096666510264,0.2432371526794591,0.3703206652376114,0.5234820737263108,0.2802449210468517,0,29.4,2026-04-15
Theo Lindstein,STL,DAL,0.0,D,16.982662292976222,0.27056169225826215,0.7971179575058973,1.2473437278653086,0.06889327252902974,0.19852732786257615,0.26742060039160587,1.089667567047027,0.9055802734796263,0.4150396303575089,0.206957165369254,0.6563620530920073,0.06657370300980825,0.1800626367013528,0.2346489032122422,0.16807520020243394,0,13.1,2026-04-13
Tyson Hinds,ANA,VGK,0.0,D,16.919771058827383,0.3406752075406784,1.0614675166650605,1.260172673172131,0.05623892851216662,0.21439163853523666,0.2706305670474033,1.447918975167109,1.0633846191241438,0.4218512987409567,0.2584652788569826,0.6881147186795632,0.05468675338176887,0.1929677418084893,0.2371017158833405,0.18241496250157163,0,5.5,2026-04-16
Pavel Dorofeyev,NYR,DET,0.0,R,16.894047095271706,2.8774708475289685,0.11889153083287304,2.5691585349436665,0.3088616305388737,0.36467724189840395,0.6735388724372777,0.3689994703901769,0.7332382935107162,0.38426338778778935,0.2767479399881155,0.6498854263217565,0.2657176347475425,0.30557925536675734,0.49009909315032985,0.22438145840278734,2,29.3,2026-10-01
Morgan Geekie,BOS,WPG,0.0,C,16.871846367015984,1.8944205942344823,0.19753988610617354,1.8632435155819358,0.25430784358278474,0.3482588910254234,0.6025667346082082,0.5274613511729779,1.1807227741341866,0.34651738234904617,0.2961307393443075,0.7730707017361833,0.22454695294552107,0.29408390278678664,0.45259521145120796,0.22804825850568688,1,29.4,2026-09-29
Beckett Sennecke,ANA,VGK,0.0,R,16.835695337403457,2.3008703790094795,0.12987266510109027,2.1793491951069486,0.28799667058524236,0.3522913028630991,0.6402879734483415,0.38680207695366325,1.2762343023292575,0.6220960406348941,0.3366949984386357,0.8450051776636526,0.2502359114894932,0.29692471570040213,0.47285940031284657,0.22262348882335337,0,27.6,2026-04-16
Lian Bichsel,DAL,STL,1.0,D,16.760435720986727,0.18800541015542202,1.079799889553176,0.9617929392910882,0.05684762619627363,0.19105193141476962,0.24789955761104324,0.937682252552703,2.0274987620903,0.5475012185292887,0.3268106383050714,0.7601160499508144,0.055261988275906115,0.17391031296892856,0.2195616715684866,0.1642996832925805,0,28.0,2026-04-15
Dylan Strome,WSH,CAR,0.0,C,16.688831421927766,2.3858012619767783,0.2199868828593775,1.5093943769561982,0.22208460426063026,0.3588968593709836,0.5809814636316138,0.7438644665579109,0.5933066999778578,0.44680368437514184,0.2844372198618511,0.801239119826852,0.19915239365122017,0.3015536141637619,0.4406508837400924,0.24149849008887225,0,29.4,2026-04-14
Jackson Blake,CAR,WSH,1.0,R,16.656272497863153,1.8857733513237147,0.15157040579513745,2.2199282038383528,0.30392950249863104,0.39291932856253226,0.6968488310611634,0.5157655448563387,0.6473103605049394,0.421019548913448,0.3565209233389162,1.0235194990865342,0.2620871143683765,0.3249167946779046,0.5018474039193268,0.2397602895509503,1,29.3,2026-09-29
Jordan Staal,CAR,WSH,1.0,C,16.613993830654678,1.235067266464648,1.9797761892260055,1.6451411828376525,0.2515789174780454,0.32717504334091785,0.5787539608189632,0.662831178554891,1.9270845697597152,0.30323243681754103,0.3210491715090234,0.6111425301939833,0.22242790884007624,0.2790424668344338,0.4394035432989506,0.21697563445887436,1,29.4,2026-09-29
Roope Hintz,DAL,STL,1.0,C,16.595638485213165,2.6779254609365246,0.4988908565160773,2.0951987661099416,0.29788323723550997,0.4398905930221735,0.7377738302576835,0.4731798531781738,1.1373816451420253,0.38266834657995147,0.2603833208445306,0.7207175836226498,0.25761198203541635,0.3558931129837556,0.5218227647906724,0.264210782755256,0,29.4,2026-03-06
Pavel Buchnevich,STL,DAL,0.0,L,16.571780659568624,1.7293109741457737,1.398989181396198,1.6869095431391192,0.23490197440159447,0.28406572434882976,0.5189676987504243,0.4784845401367817,0.7952867028260502,0.39050598026743016,0.308790556480313,0.6600874629219804,0.2093516503922188,0.2472828287655242,0.4048654108420241,0.19551376044980529,0,29.4,2026-04-16
Scott Morrow,NYR,DET,0.0,D,16.54824208461928,1.1416781188272715,0.35041899078764077,1.182216334050625,0.05407599187149932,0.24822061136604764,0.302296603237547,1.2218638578125656,0.6925061004937785,0.31662195081158073,0.23740590681937704,0.7018361629117694,0.05263988790156393,0.2198121940066422,0.2608811926562997,0.2082413047547358,0,23.2,2026-02-28
Andrei Svechnikov,CAR,WSH,1.0,R,16.492280749290323,2.5500965780684313,0.1279947062177395,2.312822562420475,0.3244245318232428,0.41234870329466566,0.7367732351179085,0.3432313237515115,1.823526304138318,0.6757599317244648,0.30954068675042706,0.9455619269332326,0.27705673519872986,0.3379066383424293,0.5213440635200277,0.24428732832129785,1,29.4,2026-09-29
Alex Iafallo,WPG,BOS,1.0,L,16.484136550168103,0.7234169251161445,0.7548970037487538,1.8240065415481281,0.23436981405981888,0.2788858077878037,0.5132556218476225,0.6601537866252416,1.7153639170743114,0.34536062774879206,0.28107850135440765,0.5413364111326014,0.20893078672272225,0.24337370088701427,0.4014562288157921,0.19252544209306988,0,29.4,2026-04-11
Fraser Minten,BOS,WPG,0.0,C,16.4637665205988,1.3322195241587955,1.0529390226597188,1.5841054780119987,0.21299623417396568,0.2982390323591461,0.5112352665331118,0.5396463306929815,1.392977772688847,0.3325584589998577,0.3322894319315837,0.5538855818172089,0.19184081940235986,0.2578760730881138,0.4002457353249871,0.20840491592262722,1,28.7,2026-09-29
Alex Ovechkin,WSH,CAR,0.0,L,16.43648895485022,3.7330889170011305,0.11762303941295718,2.536244767775824,0.3186902417435404,0.37039972465145987,0.6890899663950003,0.37542404873755236,1.5153722951913013,0.38610231110954335,0.19738255631537358,0.615800859455233,0.2728992601153256,0.3095417177268671,0.4979672720997037,0.2250680119843781,0,29.4,2026-04-14
Connor McMichael,WSH,CAR,0.0,L,16.39945643659418,1.485302097537675,1.7673852731309654,1.5856470677869574,0.24205355897885955,0.31292587436226227,0.5549794333411218,0.6133231488411354,0.9844366586902595,0.4543982237895117,0.3210295695036167,0.6615904177989748,0.21498586812941567,0.26869588105598696,0.42591593193378297,0.2109300638043673,0,29.4,2026-04-14
Cole Perfetti,WPG,BOS,1.0,C,16.381784597030794,1.9781532983472319,0.20199836148710593,2.0490785946181562,0.2654420774301818,0.35205171274954816,0.6174937901797299,0.5626454387595636,1.0613512709507322,0.3894315887954951,0.34911780051075203,0.7190146270090224,0.23313313950150505,0.29675624563212644,0.460705669922734,0.22757253042122894,0,29.4,2026-04-16
Nikolaj Ehlers,CAR,WSH,1.0,L,16.37424648209202,2.4294940581424345,0.12446167005356555,2.443322616942823,0.274369655041224,0.41839641055438526,0.6927660655956093,0.42204278472380213,0.7651222223702575,0.3389423887901916,0.3217131162935789,0.858788937808863,0.23994893338241174,0.34189870159000624,0.4998094062010645,0.25986047281865277,1,29.4,2026-09-29
Logan Stankoven,CAR,WSH,1.0,C,16.27259196439217,1.5602006991127995,0.4171952531708435,2.051553719728581,0.27466947701071054,0.35514460475702747,0.629814081767738,0.4211577246776816,0.9409969584367741,0.3070233335183299,0.3788903514187709,0.637149278068532,0.2401767792318129,0.2989279424762141,0.46730917126169724,0.22713239202988433,1,29.3,2026-09-29
J.T. Compher,DET,NYR,1.0,L,16.270235588276908,0.8654408387471947,1.312328052172515,1.4765498708778586,0.2170691880598616,0.2811920853785551,0.49826127343841675,0.6140422799327421,0.7334452040814232,0.35664391065324347,0.2829806682652521,0.6340675161362723,0.19512572031134878,0.24511668049526236,0.3924138319646464,0.19728811165329763,0,29.4,2026-04-15
Drew Fortescue,NYR,DET,0.0,D,16.249889120634688,0.376673008589718,0.5128729071315797,0.9518579053291212,0.05116964997396388,0.2143039787179894,0.2654736286919533,1.1504368293160476,0.9315253226235588,0.426381437143447,0.19273569112649067,0.6129172649017217,0.04988253054502145,0.1928969944074168,0.2331573347368674,0.18327480419184594,0,7.9,2026-04-15
Cutter Gauthier,ANA,VGK,0.0,L,16.189723851642487,2.6613609831377287,0.20091867595372748,2.7202109012863835,0.33496067055492057,0.33905807668774457,0.6740187472426651,0.3740102061924152,1.0552408449622357,0.4057543041657242,0.28034031615319716,0.707179880287937,0.2846337792442081,0.2875589283299841,0.4903437230482144,0.2057099438040063,0,29.2,2026-04-16
Justin Holl,STL,DAL,0.0,D,16.144030751504193,0.18364994665455248,0.9519178377481308,0.893715143495395,0.04569298423018103,0.17599131103325058,0.2216842952634316,1.0322660651594497,0.8334513086423838,0.388828522810176,0.2554114612607579,0.6322620695723192,0.04466477985094852,0.16137472990749613,0.19883174297362016,0.15416696312267164,0,29.3,2026-04-16
Pierre-Luc Dubois,WSH,CAR,0.0,C,16.137381620216896,1.9489167754238195,0.2556153767937794,1.4089338069345645,0.20708198273423373,0.36247312242361057,0.5695551051578442,0.6101908390620484,0.9705934121254044,0.4504008114648022,0.2506630346509969,0.7254423526538918,0.18704700085417425,0.3040469810423049,0.43422290597375,0.24717590511957577,0,29.4,2026-04-12
Tyler Tucker,STL,DAL,0.0,D,16.12841371380361,0.18386550553446337,0.9360725677588585,1.0401880887406125,0.055203539699495076,0.20097906374144595,0.256182603440941,0.9599868258239379,1.5002031450953557,0.6588744138813478,0.2579742871782311,0.7769983529017005,0.05370747974475021,0.18207044424074126,0.22599937928931413,0.17229189954456392,0,29.2,2026-04-16
Drew Helleson,ANA,VGK,0.0,D,16.068749716415223,0.1878393841658742,1.0337148974515722,0.7811187030015602,0.04319694118761911,0.19676828879657182,0.23996522998419093,1.2670335190225714,1.0471584350312595,0.4045557367683867,0.3157898091347846,0.6274845938106242,0.042277243564287637,0.17861906557085439,0.21334478739477747,0.17106754383048983,0,28.9,2026-04-14
Connor Mackey,NYR,DET,0.0,D,16.0606886308751,0.1921394003510225,1.45375602708235,1.1261547167425765,0.05336443178872633,0.18262708817849874,0.23599151996722506,1.1517286660008876,1.4770648352488531,0.8406806887697236,0.2003947700620407,0.6662582054140128,0.0519655443722673,0.16692123726215313,0.21021262867280022,0.15824708430053291,0,20.9,2026-03-23
Victor Soderstrom,BOS,WPG,0.0,D,16.03332377159395,0.6059229980637494,0.41257574794529095,1.0824631730334928,0.05246508759524066,0.21055880529928983,0.2630238928945305,1.2749649739919011,0.6991806777387503,0.4122346257297892,0.1984916155840725,0.7060809833880327,0.05111255157980976,0.18986858626767122,0.23127646993848905,0.1801639183586793,0,22.3,2025-12-21
Anthony Beauvillier,WSH,CAR,0.0,R,16.023633797191756,0.4402564789280022,1.485537106233185,1.5457797369610942,0.20231060018257843,0.23739544000327167,0.43970604018585013,0.6446664826006259,1.238597400910956,0.4098955177500336,0.31258883355172185,0.5663298420276638,0.18315882248206206,0.21132064901964887,0.355774230261127,0.17261540777906492,0,29.4,2026-04-14
Ivan Barbashev,VGK,ANA,1.0,L,16.014679447274272,1.2690952526597894,0.11838987873864308,1.818643723128,0.2769588139506594,0.424713325710461,0.7016721396611204,0.4434625376983947,1.5226730664292605,0.3540575512536343,0.2735815879766644,0.9248360045465097,0.2419142809766216,0.34604276901480857,0.5042443623380537,0.2623300813614321,1,29.4,2026-09-29
Ryan Poehling,ANA,VGK,0.0,C,16.002808217326386,1.0207820325296908,1.9847211297109724,1.4373724579378493,0.18969660876470212,0.2950782398877182,0.4847748486524203,0.8996625069464081,0.8854470692377134,0.31011036239896295,0.31944052323121885,0.5311058851499365,0.1727899358403604,0.2555266623231385,0.38416416257518227,0.21137422673482187,0,29.4,2026-04-16
Albert Johansson,DET,NYR,1.0,D,15.94708446078678,0.2982272303504751,1.1866203452870965,0.9889955538665537,0.05272614299327339,0.17466436702390106,0.22739051001717445,1.0249028094335275,0.7695852108940335,0.296434505671264,0.2879882473392184,0.651520060140653,0.051360231439856574,0.1602611824851099,0.20339036250170606,0.15203013106184948,0,29.2,2026-04-15
Charles Alexis Legault,CAR,WSH,1.0,D,15.86084655069269,0.24106598125089554,1.2832061121119147,1.181952043577995,0.06771582615293502,0.20017114936753974,0.26788697552047475,1.0800926837791893,1.0176933841710525,0.5670922387608408,0.37172218038193044,0.88565927970853,0.06547399630327844,0.18140936018210285,0.23500576070743817,0.16953176440415973,1,10.6,2026-09-29
Ilya Lyubushkin,DAL,STL,1.0,D,15.85773392447584,0.18694281249380104,1.293947919506641,0.8457524608802054,0.046514996534311924,0.19191075092717666,0.2384257474614886,1.3803091083857153,1.0297214913775388,0.45214701573622024,0.24033985240398437,0.8348343305302153,0.0454497544828768,0.1746194703484638,0.212132812776073,0.16668305829319618,0,29.4,2026-04-15
Tomas Hertl,VGK,ANA,1.0,C,15.844505135120523,3.1891820128801505,0.2826968699786364,2.1890248409506396,0.3192492474816918,0.44951257243769793,0.7687618199193897,0.5866958372267037,1.2264030194997415,0.3476419588592097,0.2800351642168797,0.6538157321593403,0.27330560001738546,0.3620609750846756,0.5364132830636642,0.26310768304627874,1,29.4,2026-09-29
Jaycob Megna,VGK,ANA,1.0,D,15.840188576753638,0.1850714181777385,1.180613748616069,0.8645265402187036,0.043139973089185976,0.17914710452081936,0.22228707761000532,1.2975771329106007,1.1127241605682927,0.4194027386370992,0.24173785888814123,0.6988234449205153,0.042222682365918196,0.16401708651453595,0.1993145275339676,0.15709184516804942,0,28.7,2026-01-19
Vincent Iorio,NYR,DET,0.0,D,15.791461016061334,0.21676574331744886,0.9352510403957451,0.9205326330917406,0.043339134339535776,0.17862352502208234,0.22196265936161813,1.2880255574361423,0.8046549984449362,0.39414142581827777,0.25809718287611355,0.7600533212606175,0.042413415500099694,0.16357926839344616,0.19905472841597227,0.15664131291587258,0,20.9,2026-03-25
Gabe Perreault,NYR,DET,0.0,R,15.76597722538448,1.2811786681209925,0.11744368529501031,1.631834768990428,0.24567751262485676,0.284644076099797,0.5303215887246537,0.4440038506344164,0.8853650404140133,0.35285584202051856,0.2336745016826265,0.6136159850133943,0.21782557436505368,0.2477180381952918,0.4115842886098716,0.19375871424481794,2,25.1,2026-10-01
Colin Miller,WPG,BOS,1.0,D,15.759367640799923,0.9091058775762269,0.42863961149473173,1.339798119952516,0.05905771229779041,0.21827546548684915,0.27733317778463956,1.0395503478530874,1.3965748385157781,0.4360642950674649,0.29133206375682497,0.7779545020544367,0.05734763504677998,0.1960960366335024,0.24219802773730426,0.18485039269052428,0,29.3,2026-04-16
Tyler Seguin,DAL,STL,1.0,C,15.703454933343469,1.701603070824224,0.4511242771529983,1.6263021750958446,0.24542423166981212,0.3725739306012868,0.6179981622710989,0.3607605420793961,0.8494084267070984,0.27247289847447076,0.2788603808409472,0.6561024253029702,0.21762743938866858,0.3110412854570259,0.46097760634752205,0.24335016695885348,0,29.3,2025-12-02
Olen Zellweger,ANA,VGK,0.0,D,15.665833567861446,0.2859802528888813,1.4732037840195256,1.1858022842424962,0.06681615074029046,0.19212519208937814,0.25894134282966863,1.181766647531775,0.6360620043912776,0.37928494148933795,0.22676757166559827,0.6779260605620197,0.06463284791174895,0.17479644693229035,0.22813170267395055,0.1634988547622016,0,29.3,2026-04-07
Pavel Zacha,BOS,WPG,0.0,C,15.641928268490288,2.023988878874364,0.42945674366588127,1.6759662973040026,0.2681584162637208,0.36960354606663703,0.6377619623303579,0.3822656501455434,0.9065368079675065,0.2919864224030295,0.2532824794448095,0.6203309570230982,0.2352133831324631,0.30899177072984774,0.471526154108853,0.23631277097638992,1,29.4,2026-09-29
Adam Lowry,WPG,BOS,1.0,C,15.634353029359144,0.34625810388842515,1.4933014857095988,1.3220273920152452,0.18437941813581524,0.2687708984855953,0.4531503166214106,0.5994640563070474,1.8688959513207961,0.4685841531019382,0.36696097456980986,0.5546901935896147,0.16837978783074903,0.23568165791919238,0.36437741819390856,0.19599763036315954,0,29.4,2026-04-16
Ilya Protas,WSH,CAR,0.0,L,15.61830631900012,2.0797827216416014,0.2690040536584951,1.7146552521827154,0.23622429051304308,0.32612658233040526,0.5623508728434483,0.5580229862360105,1.1794109525316412,0.4473564756038481,0.28968118385795516,0.5534671316856329,0.21039644651578449,0.2782861745684785,0.43013219884058373,0.21973575232479925,0,3.8,2026-04-14
Taylor Hall,CAR,WSH,1.0,L,15.612263122330111,1.665826063738173,0.1173467476254489,1.9130558373253024,0.24908034195931184,0.3640064115403296,0.6130867534996414,0.4109144032623364,1.0190404162708493,0.45857273329900633,0.30453915525962855,0.7495766714104066,0.22048265708184067,0.3051132605657264,0.45832373524713177,0.2378410781652911,1,29.3,2026-09-29
Emmitt Finnie,DET,NYR,1.0,C,15.571947812901222,1.1034789531287414,0.8736858521985952,1.5185533806244031,0.21724753401305705,0.28654836432549396,0.503795898338551,0.49246311721798797,1.4973394201941406,0.2385947551497924,0.33939252506868184,0.7352348617877356,0.19526925358229286,0.2491492367377962,0.39576730483170164,0.20049805124940878,0,27.6,2026-04-15
Travis Hamonic,DET,NYR,1.0,D,15.567391454278509,0.2354509144719998,1.476535716594396,1.0628863414222562,0.04578261014309313,0.18139335018502376,0.22717596032811688,1.3825923392927855,1.2128803965712727,0.5159244906507044,0.2745466828287011,0.7564433560075646,0.044750398805295744,0.16589280206166523,0.2032194318157735,0.15846903301047777,0,29.3,2026-04-15
Skyler Brind'Amour,CAR,WSH,1.0,C,15.549084776421042,0.6777750506962509,1.7357984467492151,1.425922271479791,0.20508174334634957,0.270933759527826,0.4760155028741756,0.4606593617704896,1.1134094002098611,0.41789138718404434,0.34113627397937796,0.6729099370835296,0.18541927286467141,0.23733298584498375,0.37874614904747694,0.19332687618280553,0,5.5,2026-04-14
Brett Howden,VGK,ANA,1.0,C,15.52560701054832,1.0883063154881056,0.9150644526619703,1.468160884434749,0.2347163513329708,0.3163136904733878,0.5510300418063586,0.4779342211712739,1.3994514381787297,0.5808155760557971,0.321258796086256,0.7096961452398357,0.20920487419725997,0.2711692129698281,0.4236441660815652,0.21443929188430522,1,29.4,2026-09-29
Sam Steel,DAL,STL,1.0,C,15.522299758785548,0.49468913019588917,1.8709282208656604,1.3223001773653014,0.19557209991073754,0.29029018329338585,0.4858622832041234,0.41436529360898156,1.0856819812632612,0.32569625070532854,0.3315580227191129,0.6708369467927027,0.17763595094788687,0.2519535345065729,0.38483347975770343,0.20719752880981657,0,29.4,2026-04-15
William Karlsson,VGK,ANA,1.0,C,15.520428355102572,1.2086267163550342,1.2646440211062149,1.9554213653947548,0.2483808853155522,0.350942051418053,0.5993229367336053,0.6243926973317899,0.6643750266346643,0.3114979761517949,0.3345366576266967,0.7519852096038737,0.21993722776756908,0.29597545010210446,0.45081665788695824,0.23087943011938916,1,29.3,2026-09-29
Dylan Coghlan,VGK,ANA,1.0,D,15.484035441616694,0.4121602836527405,0.556008496393996,1.49917950976164,0.06598834877863231,0.23708841892955146,0.30307676770818376,1.1419506906888695,0.8376275873018446,0.4088045260062416,0.2434074499365291,0.7406710273074493,0.06385822857691159,0.21107847066346286,0.2614576020130821,0.1975993734361705,0,17.8,2026-02-25
Justin Sourdif,WSH,CAR,0.0,C,15.482179325693373,1.6974866846420982,0.2815527993750399,1.3848445271063943,0.20381230622858407,0.31094005894953963,0.5147523651781237,0.6491860849214602,1.237596271326891,0.42237057256847915,0.2961013403187772,0.6645895527839528,0.18438455723997038,0.2672422031749401,0.402351425106665,0.2179668678666946,0,27.6,2026-04-14
Will Cuylle,NYR,DET,0.0,L,15.444082761446868,1.0520995350857802,1.0572848646959339,1.843369875271191,0.24140297757786874,0.25095717942108275,0.4923601569989515,0.5367549082890544,2.6852542357413136,0.6842281362085332,0.1955415708516051,0.5936797514045405,0.21447498636863938,0.22194431235938006,0.3888177953601444,0.174342808991505,2,29.4,2026-10-01
Justin Hryckowian,DAL,STL,1.0,C,15.436141636099702,1.272838977945115,1.6124530940611792,1.3916205557543164,0.21776499120029055,0.292990055385193,0.5107550465854835,0.5835341764320309,1.2669403984462242,0.4002368678450259,0.3941532057929552,0.4933816320379937,0.1956855595712622,0.2539704403630626,0.39995765219731905,0.20427209262605683,0,27.9,2026-04-15
Jonathan Drouin,STL,DAL,0.0,L,15.41355011900585,1.8420197255055069,0.12555823421406045,1.4466490389686322,0.18464854053294585,0.27105794825640595,0.4557064887893518,0.4909223181024282,0.7949254856826793,0.2948379752396521,0.26912900608221163,0.6115749990278575,0.16860356534262944,0.23742769461079916,0.36600010413096684,0.1973965387883374,0,29.4,2026-04-14
Casey Mittelstadt,BOS,WPG,0.0,C,15.399785408452475,1.500599030172068,0.19968405854838397,1.3503607748031055,0.19957370762769155,0.33396236495826304,0.5335360725859546,0.3997289899327704,0.6911240857376089,0.3168812560365166,0.25485703916060287,0.6732044364714515,0.18092015384443516,0.28391926855169713,0.4134727046503597,0.23255255080592452,1,29.4,2026-09-29
Ville Heinola,WPG,BOS,1.0,D,15.377835572369198,0.6480952009204806,0.4209998594963663,1.0977342240794088,0.05403815574617502,0.20759831099872392,0.26163646674489893,1.0568503656571182,0.9081391689881348,0.40746143412528074,0.3037303787410702,0.7853508682407906,0.05260404278751951,0.18746664311943118,0.2302091825910635,0.17760513980354398,0,20.0,2026-04-16
JJ Peterka,BOS,WPG,0.0,R,15.374910357294151,1.3677341689504094,0.12067880086107032,1.8818288706259725,0.2331616537561894,0.2822150187571035,0.5153766725132929,0.3038153827705193,0.6322732548334051,0.3430162479422804,0.2577607418459477,0.7148905447672665,0.2079744707266291,0.24588848102213234,0.40272442505040873,0.19474995432377962,1,29.4,2026-09-29
Alexander Petrovic,DAL,STL,1.0,D,15.338218732679328,0.18071875127695416,0.7142634765970678,1.1053674055520015,0.05000361778933619,0.1894813321199593,0.23948494990929547,1.2036757872700468,1.2779564910443735,0.3529151709938568,0.21126470880843595,0.7824136617228599,0.04877401684072924,0.17261183766374943,0.21296688182735768,0.16419286498662844,0,25.7,2026-04-13
Jacob Bernard-Docker,DET,NYR,1.0,D,15.261139899990505,0.1858019452470103,1.1893971260452878,0.8635534857805749,0.04346655219005931,0.15924770236150387,0.20271425455156317,1.2454991620927778,0.9622656866118549,0.39049730116764736,0.1820772639446629,0.6449063988233981,0.042535421351360125,0.1472149040770815,0.18348847745432284,0.14095305610296271,0,29.3,2026-04-11
Axel Sandin-Pellikka,DET,NYR,1.0,D,15.243598600438606,1.4735055346394477,0.3357955928190504,1.1747849978649598,0.06733275932733149,0.23569751386642132,0.3030302731937528,0.959643558294111,0.5664175502144423,0.2907643676724997,0.1884130736655607,0.7377549753739131,0.06511594181857938,0.2099803922294996,0.2614232630446204,0.196307321226041,0,26.6,2026-04-15
Jordan Martinook,CAR,WSH,1.0,L,15.183773844507636,0.33980624030968826,1.8287121097653083,1.5530279213171012,0.20377472850509465,0.2612490306645528,0.46502375916964744,0.5489877509191743,1.2243955000106557,0.4163401471821071,0.28182659698280627,0.6615891720451129,0.18435390769252213,0.22991088007123206,0.3718798186015958,0.18752591090907367,1,29.4,2026-09-29
Josiah Slavin,CAR,WSH,1.0,L,15.163061773923987,0.9912726997653346,1.0505392663892341,1.6914324263806546,0.22367553667265525,0.28520726229441273,0.508882798967068,0.46439949809043946,1.2049715730986605,0.45064719165960887,0.36962735457546037,0.5786076645735471,0.20042547510345932,0.2481415937291287,0.3988331720164978,0.1984076969130385,0,2.0,2026-04-11
Isaak Phillips,WPG,BOS,1.0,D,15.152315680506877,0.20169136951563357,0.9114215371184712,1.0597178732789398,0.05493710262196483,0.17743992680693257,0.2323770294288974,1.0187193339861083,1.4128174614939373,0.36269780809475766,0.3221207834364157,0.6422334637003733,0.05345531874013587,0.16258869620430627,0.2073527843652978,0.15389746562516193,0,25.0,2026-03-05
Eeli Tolvanen,NYR,DET,0.0,R,15.109197570559191,1.1518938732897392,1.1824009978272099,1.7224014944250465,0.2008312366556363,0.24244516751063622,0.4432764041662725,0.6981365770796341,1.7654022683225499,0.40284432980845813,0.27385707899138145,0.5237931120809259,0.1819495231606305,0.21529322617507696,0.35807024949343846,0.17612072633280795,2,29.4,2026-10-01
Felix Unger Sorum,CAR,WSH,1.0,R,15.10800120664463,1.414356301499473,0.44741559475903026,1.8156376531735856,0.2374748751292756,0.3084270029859275,0.5459018781152031,0.4916530994475617,1.2106239770789866,0.41660262073112,0.33160872339055686,0.7006252004473678,0.21138329537507716,0.26539842603653574,0.4206809275286514,0.20929763215357422,0,1.0,2026-04-14
Marat Khusnutdinov,BOS,WPG,0.0,C,15.097983950084002,0.49535047896174716,1.3045402150598293,1.1398479642548587,0.184404300520998,0.259986462245572,0.44439076276656997,0.5209284418576006,0.7994064635770052,0.2920156513043763,0.2703101667365781,0.5404853736648405,0.16840048026775423,0.22893797581875786,0.3587851910071058,0.1903847107393516,1,29.3,2026-09-29
Mike Reilly,CAR,WSH,1.0,D,15.093862213859408,0.2249331186401766,0.7224718806993055,1.4082429311172677,0.05021322833646179,0.21266295320344283,0.2628761815399046,0.9626497423672128,0.6309581788386334,0.5020828301999857,0.2450862898148042,0.6366589672714541,0.04897338294415032,0.1915714304376991,0.23116291235786535,0.18218952941371502,0,29.0,2026-04-14
Joel Nystrom,CAR,WSH,1.0,D,15.052882488102638,0.19200046121792802,1.0052653461931016,1.144782130751188,0.04994602537696509,0.23159591983397032,0.2815419452109354,0.8334037587722325,0.6071455292876323,0.3069121360014182,0.2091414468848941,0.7775577253069365,0.04871923186406468,0.20673339814700653,0.2453807376527012,0.1966615057886365,0,21.5,2026-04-14
Michael Callahan,BOS,WPG,0.0,D,15.023086573083551,0.21745385113145754,1.1133045401327275,0.8811531446745888,0.045896705725396274,0.16427160703695093,0.2101683127623472,1.0474221061822706,0.7419886352700428,0.3659589114054959,0.21356588097795534,0.5779214567361645,0.04485938234740028,0.15148847112231423,0.18955217422241544,0.14469279187501516,0,15.7,2025-12-02
Pius Suter,STL,DAL,0.0,C,14.98157783319205,0.7809520391564843,1.7557327073298192,1.3529889916989146,0.18168099501088922,0.24037697831383897,0.42205797332472816,0.39978032125664675,0.8757053357396264,0.32504580136997063,0.25667323118732316,0.5194106898688062,0.16613269417785237,0.2136686246902687,0.3443039745870503,0.17817128040919794,0,29.4,2026-04-16
Jordan Kyrou,STL,DAL,0.0,R,14.978891799625085,1.692658393336474,0.12246603258861381,2.0110137015426277,0.22223422551320074,0.29732734597153565,0.5195615714847364,0.41310497807794233,0.7168173958005926,0.3252645883642892,0.27585474659027065,0.6986125916661089,0.19927220850955207,0.25719918029594047,0.40521874012107395,0.20594653161152188,0,29.4,2026-04-16
James Hagens,BOS,WPG,0.0,C,14.965859128700123,0.8760032243748211,0.5076515179559905,1.5143382561156513,0.19588595333031714,0.2839580514086313,0.4798440047389484,0.5568220745611635,1.0160540809169643,0.39695417604598127,0.4039840776406963,0.5772501138289685,0.17789401221799683,0.24720177713110392,0.3811200733878296,0.20322606116983277,1,2.9,2026-09-29
Ben Hutton,VGK,ANA,1.0,D,14.938904042663431,0.28943309250847987,0.33329865165752304,1.2815753279671152,0.06126969718305302,0.2218823759197463,0.28315207310279933,1.155738707160302,0.7227299129104267,0.34670225903485874,0.319152821994775,0.7009948576701185,0.05943046338845648,0.1989904231915307,0.24659479351984948,0.187164330131393,0,29.1,2026-04-09
Urho Vaakanainen,NYR,DET,0.0,D,14.92996934099354,0.18999625695525513,0.9169242226259828,0.8763033119167831,0.0413484712612209,0.1868169328253968,0.2281654040866177,0.9640810552013225,0.6122499306308674,0.36028679270715486,0.18805191658515955,0.6018563611466031,0.04050528464934833,0.1704044057936167,0.2040074114807915,0.16350212683144316,0,29.3,2026-04-11
Viktor Arvidsson,BOS,WPG,0.0,L,14.91377318228354,1.6837502207406754,0.11713438123880077,2.20468401020477,0.2874101234194099,0.3462657499020835,0.6336758733214933,0.48449416905858933,0.7306572088273544,0.35937273632632233,0.25005424374664736,0.7029538213124991,0.24979601048960398,0.2926755092865517,0.46936234518836206,0.21956633469875808,0,29.3,2026-04-14
Jordan Harris,BOS,WPG,0.0,D,14.828849693256565,0.26382556160312265,0.9625736404933533,0.9149236273251483,0.04868610869413955,0.18996085176545413,0.2386469604595937,1.0817240291626375,0.7223330572977139,0.27677370714229577,0.1995214338298589,0.5367151263752638,0.047519942010237015,0.17300849143280161,0.21230707996287335,0.16478713795263633,0,29.2,2026-04-12
Haydn Fleury,WPG,BOS,1.0,D,14.763659959568155,0.2742590887371815,1.2498190441341592,0.9666184563459043,0.05292638286404443,0.17292238237979585,0.2258487652438403,1.302238399283716,1.2452762678783496,0.36209558701955896,0.2244437146175958,0.7420196902134218,0.05155016792745781,0.1587970955216681,0.20216124650859135,0.15061107858113354,0,29.0,2026-04-16
Jake Neighbours,STL,DAL,0.0,L,14.76170502858762,2.006547020804672,0.14084893771150975,1.3786971239031427,0.19945935644286675,0.285250031984148,0.4847093884270147,0.4715608419933545,1.7536230469718175,0.5163837305852141,0.2478364586658966,0.5465194762258356,0.18082648573813376,0.2481737497922325,0.38412384850298187,0.2032973627648481,0,29.4,2026-04-16
Jonatan Berggren,STL,DAL,0.0,R,14.73473296077702,1.1723874096043456,0.12053131645415058,1.3326632736625537,0.1732358046032078,0.2503369236292086,0.42357272823241643,0.37440163511094643,1.1546043377975699,0.3511780563132857,0.24092522262575114,0.6139337747024904,0.15906070589349797,0.22146156911605075,0.3452964414976679,0.18623573560416995,0,29.3,2026-04-16
Ryan Leonard,WSH,CAR,0.0,R,14.65630379888048,2.0453727434434814,0.11768300875688793,1.8208310406019692,0.22107968367038452,0.27963266494189937,0.5007123486122839,0.4566532709337681,1.6845445949050821,0.533429444747606,0.23495930685955518,0.6824991914315102,0.19834720089232138,0.24393858168259464,0.3939012477085305,0.19555404681620914,0,27.8,2026-04-14
Matthew Kessel,STL,DAL,0.0,D,14.621642356452039,0.183807764993355,0.7460851555175301,0.8677296637462601,0.04282316681727588,0.14343967863330787,0.18626284545058375,1.0709186638356754,1.0033460550067266,0.3855459003943122,0.18352290252950304,0.6239601498189897,0.041919204435280855,0.13362694058193592,0.16994460997690153,0.12802540554162067,0,28.4,2026-04-14
Dalibor Dvorsky,STL,DAL,0.0,R,14.353064859362783,1.5505163737083425,0.1273718861997155,1.4242175320827932,0.182134536842026,0.22799149329097354,0.41012603013299953,0.3630465684323098,1.053819494941462,0.4053668227802277,0.2090020607041685,0.560913944779636,0.16651080213229164,0.20386896773831342,0.3364333845226162,0.16992258239032454,0,27.0,2026-04-16
Vladislav Kolyachonok,BOS,WPG,0.0,D,14.344411579881635,0.1826665710419859,0.5782107035747334,0.9128990450530834,0.05119993491090307,0.18447671111149977,0.23567664602240285,1.055602641067321,0.7659710010494457,0.35352331688003863,0.20657543388125063,0.583894227542199,0.049911304356959896,0.16846069469993152,0.20996390605153825,0.16005260169457836,0,25.0,2025-12-27
Trevor Connelly,VGK,ANA,1.0,L,14.303834539977963,1.501856301499473,0.439082261425697,1.970096144373964,0.2643293622281066,0.3287469705322842,0.5930763327603907,0.4452084188749863,1.1862496185646254,0.41295899267405645,0.31882960257667753,0.6266256495774222,0.23227936016933082,0.2801748693243281,0.4473753901114781,0.21509602994214727,1,1.0,2026-09-29
Jonathan Toews,WPG,BOS,1.0,C,14.152675577739506,2.2460202811811283,0.296691866336724,1.411915132088902,0.19820909074819854,0.3013687664544951,0.49957785720269365,0.4303052245834285,0.6112814519928407,0.40421365150264454,0.28654442807683317,0.7382822519834128,0.17980166067696035,0.26019509279467745,0.39321324368715893,0.21341158301019858,0,29.1,2026-04-16
Mason McTavish,ANA,VGK,0.0,C,14.120789968735375,2.00598852956799,0.19970730999698058,1.6694511893065456,0.2246693709484716,0.3028352118100899,0.5275045827585615,0.4445272224958214,1.1803341927720221,0.3452356178054592,0.24638140087100466,0.5523739815860144,0.20121972493064633,0.26127918119242277,0.4099243811534252,0.2087046562227789,0,29.4,2026-04-16
David Perron,DET,NYR,1.0,L,14.111098938406238,1.5197555371174472,0.11966234790325705,1.6549049872381918,0.21475051162476574,0.2563970579663826,0.47114756959114834,0.4019233678573993,1.389501756325969,0.40546609522754173,0.2807629670946136,0.5516287866569379,0.1932573120057527,0.2261653494279604,0.37571455393442366,0.18245724192867097,0,29.4,2026-04-15
Noah Laba,NYR,DET,0.0,C,14.105561674438162,0.5402552526380398,1.4196547829555732,1.1029780129745728,0.1668213944239947,0.24600491677236738,0.4128263111963621,0.47709545313468205,1.3568357531378488,0.44792238037822346,0.24799261268558567,0.5171165017660451,0.15364923919614648,0.21808161959866035,0.3382227838608092,0.1845735446646627,2,27.2,2026-10-01
David Kampf,WSH,CAR,0.0,C,14.068200718162789,0.3212835882847741,0.9816892203952502,0.998945055139536,0.1379044742959311,0.2062575310561881,0.3441620053521192,0.6615449895887193,1.1814870191091147,0.35091551752952643,0.25242998326431343,0.4628525615146282,0.12881809196377503,0.1863764840234735,0.29118591292842766,0.16236782096465263,0,29.4,2026-04-02
Victor Olofsson,VGK,ANA,1.0,L,14.06271791153413,1.502843003757328,0.12992389130500281,1.8492157507509954,0.23795775950621115,0.303104123834298,0.5410618833405092,0.37257342204359134,0.6888029076492169,0.27105841560923005,0.2947059755764329,0.7347790859496226,0.21176401413216317,0.26147780539571774,0.4178702298508151,0.20610621571865195,1,29.4,2026-09-29
Kai Uchacz,VGK,ANA,1.0,C,14.015930252146877,0.9760418792732289,0.6308632017461369,1.474689592219005,0.21120392610650932,0.3056515473919507,0.5168554734984601,0.5907446265048414,1.1921428817816782,0.46250450111480385,0.31858154409684464,0.5848320579853333,0.19039105035490522,0.2633567399948803,0.40360702400411663,0.2132159736492114,0,2.9,2026-02-25
Marco Kasper,DET,NYR,1.0,C,13.988431364958892,0.7630558098880782,0.8540267246944788,1.6854230756844555,0.20072122708815818,0.24791644406348765,0.4486376711516458,0.5594612055297099,1.737798017124695,0.26674280635350966,0.27738260664857917,0.6258935234876789,0.18185952483125034,0.21957485029193413,0.3615025971842004,0.17964307235295007,0,29.2,2026-04-15
Bradly Nadeau,CAR,WSH,1.0,L,13.963913739751023,1.23725571829691,0.36404704977296365,1.6636666733424852,0.22412050496465938,0.2547650126211119,0.47888551758577125,0.44190899716487464,1.3341050674369856,0.32993378870798806,0.24111510906770867,0.5754533122956556,0.2007811812692809,0.22490138504544666,0.38052660055620535,0.17974541928692445,0,11.9,2026-04-14
Jamie Benn,DAL,STL,1.0,L,13.951876483720612,1.595479792268865,0.12675541381723543,1.4247491783614994,0.2175540405955158,0.3021766712567802,0.519730711852296,0.4286387376513454,1.1680760302095397,0.6215512849872958,0.2561841071860151,0.6089328508954825,0.19551587105630652,0.26079254335787627,0.405319333134578,0.2098034620782715,0,29.4,2026-04-15
Braeden Bowman,VGK,ANA,1.0,R,13.919424027259717,1.3983022619670225,0.1271664805012716,1.557343015526648,0.234517637152696,0.3216608581818665,0.5561784953345625,0.4636871741812142,0.7817061805589947,0.37005395651118966,0.33298448634673616,0.5433159228181452,0.20904771637784425,0.2750559925271503,0.4266038817911524,0.21755616541330813,1,25.0,2026-09-29
Tye Kartye,NYR,DET,0.0,L,13.852468411447619,0.3806712376575915,1.4625163396575795,1.2627665549050247,0.16862415226499686,0.22775814310292508,0.3963822953679219,0.5508328842095785,2.1870297664416944,0.48328725312393955,0.27535625407912073,0.43535814185653154,0.1551736301996588,0.20368316873495096,0.3272505422314377,0.17207691203177888,2,29.3,2026-10-01
Otto Stenberg,STL,DAL,0.0,C,13.851487715422111,0.46784940952046605,1.1606673978371331,1.1768474568282028,0.16039660510489379,0.20766309042564052,0.3680596955305343,0.44317852512625083,1.2904969524278027,0.31549428070517316,0.2584736685687254,0.4895753533572573,0.1481941086002172,0.18751927685983039,0.30792413338044766,0.15973002478023046,0,19.7,2026-04-13
Mason Appleton,DET,NYR,1.0,C,13.736698322001294,0.356599514269042,0.9543928226947922,1.2124302308363237,0.15120757159289308,0.210704392189733,0.3619119637826261,0.4440495502135017,1.3112530605537538,0.39502797559060254,0.21218041831016746,0.4221165807420812,0.1403307627748478,0.18998652219587597,0.303656331394036,0.16332556861918823,0,29.4,2026-04-02
Nino Niederreiter,WPG,BOS,1.0,R,13.716139737900408,1.41531239238308,0.11868992080135558,1.5883076429047815,0.2112215697730986,0.24995473089477702,0.4611763006678756,0.36791361438465126,1.186717674523433,0.366543781464182,0.2574488433410312,0.5999039701460857,0.19040533469926602,0.2211639605159914,0.36945849728979485,0.17905316259052884,0,29.4,2026-04-16
Kyle Capobianco,DAL,STL,1.0,D,13.68763108399115,0.38510857742175925,0.3290731586721079,0.898632448565405,0.05179193352375292,0.17635963237501978,0.2281515658987727,0.9538540069465761,0.6540503783271188,0.32670238877154195,0.26648621739248457,0.6732420216216868,0.05047358909455102,0.16168355661499323,0.20399639630961353,0.1535228072150625,0,23.8,2026-04-13
Reilly Smith,VGK,ANA,1.0,R,13.682451434583555,0.6322527783945409,0.5708524244096788,1.6703888914470701,0.2309180528111139,0.26765167450656036,0.49856972731767424,0.31872624466942834,0.7040634160755819,0.28490938632807883,0.23810475224259836,0.7410705034045352,0.20619548658161901,0.2348257356080803,0.39260121537410453,0.18640572879248551,0,29.4,2026-04-15
Morgan Barron,WPG,BOS,1.0,C,13.646144527712941,0.3255924866081986,1.3636763387866937,1.4623487428264303,0.188276100336888,0.24160216168959764,0.4298782620264856,0.5442637032688139,1.6260157124009973,0.40755463990283236,0.3194595438235326,0.535854654341816,0.17161404198681518,0.21463143488917324,0.3494117087972275,0.1777976668104123,0,29.4,2026-04-04
Conor Sheary,NYR,DET,0.0,L,13.610776467286117,0.9540640557036814,0.6538760226434168,1.3319953590252447,0.18106930491885623,0.2252062776333984,0.4062755825522546,0.47521328352478875,0.7254425790876611,0.3374365955166406,0.26480628165391884,0.4999194006465725,0.16562246977511375,0.20164848028900995,0.3338734307322595,0.16825096095714576,0,29.3,2026-04-15
Michael Bunting,DAL,STL,1.0,L,13.531227585687672,1.2275773569767021,0.1313823631895204,1.6871526655916336,0.21217938967628225,0.26531643348905426,0.4774958231653365,0.35354861004607896,0.8665982028117314,0.34793633866083146,0.2719048643046064,0.6870800667644239,0.1911804093329914,0.23303678127354488,0.37966512337301717,0.18848471404002576,0,29.4,2026-04-15
Jacob Bryson,WPG,BOS,1.0,D,13.52916863665749,0.1790218619117636,0.8232969603242201,0.8114284204826012,0.040535263785928886,0.17432786480558551,0.2148631285915144,0.8858633740496854,0.6372470186836706,0.2953150053677327,0.2071157500974949,0.5379640027919491,0.03972469902830811,0.15997856096149243,0.1933481598046234,0.15362346077631528,0,29.3,2026-04-14
Matthew Poitras,BOS,WPG,0.0,C,13.488910859484244,1.1053408518273025,0.19830486549274626,1.2925805877242162,0.1624768731851383,0.2610897926706863,0.4235666658558246,0.4231608842683487,0.6588425998758489,0.3449914339238709,0.31651254513670385,0.5517025487198978,0.14996425138253666,0.22978824286068367,0.3452924724261093,0.19532822104357261,0,26.7,2026-02-04
Sean Kuraly,BOS,WPG,0.0,C,13.480288062295669,0.3445861168102153,1.6875364574524523,1.3833275092756507,0.1491689651686625,0.22597674926797529,0.3751457144366378,0.5227802879961303,1.0238426306094344,0.25989573314092995,0.24765105243172453,0.4801357856472549,0.13857644797398105,0.2022633505888891,0.31281086188294593,0.17423441390896488,1,29.4,2026-09-29
Brayden Yager,WPG,BOS,1.0,C,13.45870820850238,0.7833768691293316,1.3496983042643493,1.3959491908446862,0.17946844402630502,0.25513991498530747,0.4346083590116125,0.4294968993247175,0.9833817945380809,0.3750865899752877,0.3268426956349937,0.5174453230871199,0.16428567769376023,0.22519191688473816,0.3524817879019323,0.18819611020817206,0,2.9,2026-04-16
Oskar Bck,DAL,STL,1.0,C,13.454969094086763,0.32368235059052125,2.1992073063807647,0.977839631467303,0.14616080734079467,0.20838010845661928,0.354540915797414,0.4398183692992153,0.6890304883938314,0.24657836850870798,0.3347354392578721,0.5499547008527822,0.13598124854510507,0.18810163138384772,0.2985045852400061,0.16252333669490104,0,29.2,2026-04-15
Ian Moore,ANA,VGK,0.0,D,13.43594586314993,0.21432896475256621,0.6566672974117738,0.9347343588519941,0.05455988550161941,0.1489226349060136,0.203482520407633,0.9743524339869959,0.8338424013045932,0.3083949574027015,0.2600020296882029,0.4989091075736451,0.0530981985294986,0.13836422714702556,0.1841155344740908,0.1310173359445922,0,26.8,2026-04-16
Bogdan Trineyev,WSH,CAR,0.0,R,13.407243195580994,1.0813989517839986,0.35719495657727696,1.4233074214051364,0.19047078369620077,0.23910068903770224,0.429571472733903,0.5425903634041137,1.1978660281863676,0.37460377642966064,0.2782866949256934,0.5112336787201844,0.17343009330621195,0.2126643976827074,0.34921208465589804,0.17578199134968608,0,2.0,2025-12-18
Georgii Merkulov,BOS,WPG,0.0,C,13.389769503751412,1.1089495134954235,0.28770390907565335,1.2966456146835899,0.17244139298423697,0.2537445405272784,0.42618593351151535,0.6316505948221518,0.8058243768086801,0.3192197258229258,0.24710720295293445,0.4119223766381442,0.15839238852301585,0.22411001482197734,0.34700508280541165,0.1886126942823958,0,9.3,2025-11-28
Oliver Bjorkstrand,NYR,DET,0.0,R,13.241282840352458,1.7038115301413288,0.11670934584570716,1.5635957175680577,0.1912103240538575,0.25796955777946523,0.4491798818333227,0.4859182453692254,1.1669868200195208,0.322330352971481,0.20201405078804935,0.4426848370528949,0.17404114913256452,0.2273812480206353,0.3618487034564918,0.18780755432392726,2,29.4,2026-10-01
Vladislav Namestnikov,WPG,BOS,1.0,C,13.199417535918482,1.2470482548050847,0.4842131885029934,1.3567554312308454,0.17852887720898322,0.2509823827086265,0.42951125991760974,0.5475968830339073,1.1709927228746717,0.32963837729109535,0.28587785052068704,0.628127266156216,0.1635000992538349,0.2219639216734901,0.349172897702939,0.18567279844910412,0,29.4,2026-04-11
Michael Brandsegg-Nygrd,DET,NYR,1.0,R,13.169554543040846,1.1392489824384522,0.15316837229916055,1.6209403407411527,0.1908186825440994,0.24759098774663577,0.4384096702907352,0.3601740478627021,1.7501180497664899,0.30398629858837173,0.31716467055434355,0.6041589323449037,0.17371760600888952,0.21932081466062348,0.3549385337987502,0.18122092778986065,0,11.3,2026-04-15
Justin Robidas,CAR,WSH,1.0,C,13.13908150185429,0.6908564830410318,0.5035062641168343,1.4690450657374217,0.18160564839534463,0.2652840952458313,0.44688974364117595,0.4598175363748251,1.0539623774551292,0.3167927209770619,0.2916319404657721,0.5405352192485885,0.1660698627315067,0.23301197862939982,0.3603855740551253,0.19431571132361858,0,3.8,2025-11-28
Nic Dowd,VGK,ANA,1.0,C,13.122019111230276,0.37530528759629384,1.1074323846833771,1.0820169339320878,0.16458183724231573,0.25941815918633504,0.42399999642865077,0.5387000573848653,1.3852429466857996,0.49327060304327564,0.29457262696078734,0.5515340875445457,0.15175166420084008,0.22849965437364217,0.3455761157539652,0.1938244515531251,1,29.4,2026-09-29
Colin Blackwell,DAL,STL,1.0,C,13.0897093795882,0.3058182737833828,1.9139346456787516,1.1779484916546177,0.15413207613646704,0.21609954408454118,0.3702316202210082,0.49591706789510404,1.2931113249460868,0.35195177017899654,0.3524332892387074,0.4943360414098536,0.14284119668813633,0.19434490031763474,0.3094256388741635,0.1665844421860272,0,29.3,2026-04-13
Brandon Saad,VGK,ANA,1.0,L,13.02193531589577,0.36971787038819437,0.661057150457347,1.6066667526139435,0.2119719251775877,0.248039844034918,0.4600117692125057,0.35182951422047204,0.6510579572936007,0.316820660563836,0.28573160754479093,0.5843091665793151,0.19101259057446396,0.2196711487913734,0.3687237841607286,0.17771119358626464,0,29.4,2026-04-11
Joseph Veleno,NYR,DET,0.0,C,13.02118911155758,0.30621726559067114,1.8698459737893436,1.0062445722586908,0.1318233068816022,0.18786840594638438,0.3196917128279866,0.5647863211394913,2.066590609644213,0.2991962444312966,0.23613096872166045,0.3934086194016948,0.12350414781673691,0.17127624482423598,0.2736270659827048,0.1501229181659679,2,29.4,2026-10-01
Oskar Sundqvist,STL,DAL,0.0,C,12.998599485267365,0.6177521697316183,1.411688176503959,0.9125110184095091,0.12780622766052374,0.19121951469570067,0.3190257423562244,0.44643967634895493,1.253436596721937,0.42052842529637896,0.2673037568087821,0.4751031760964665,0.1199761130883723,0.17404874018965666,0.27314316194214594,0.15316704885377364,0,29.4,2026-04-14
Tim Washe,ANA,VGK,0.0,C,12.991434047008134,0.31263387628453626,1.5225878008539473,1.0329979798215903,0.14781934925620874,0.19035353358261384,0.3381728828388226,0.5273811700933179,1.6031779859057558,0.3549618532728432,0.3104666647048965,0.38134853462981944,0.1374130721621375,0.1733331722088708,0.28692800067017854,0.14951492850804105,0,22.3,2026-04-16
Michael Rasmussen,DET,NYR,1.0,C,12.957870206508057,0.36012961520559394,1.3627650971010294,1.1698958166414901,0.15472306662160826,0.198944972416561,0.35366803903816924,0.7920949241248706,1.0484748132913282,0.22759040340740028,0.2533063823218179,0.46667753240791665,0.1433476197248107,0.180405007576101,0.2978919988784412,0.1545443791536305,0,29.4,2026-04-07
Jesperi Kotkaniemi,CAR,WSH,1.0,C,12.832922718466861,0.5588827942287493,0.2218532028045762,1.254570593475124,0.15995415086237835,0.23308355911029338,0.39303770997267173,0.43367374122845065,1.1599060345787473,0.299830119242828,0.2204818541586129,0.7018202097139433,0.14781714008025704,0.20791261535812489,0.32499670724953733,0.1771795671692803,0,29.4,2026-04-14
Lukas Reichel,BOS,WPG,0.0,L,12.812150150820747,0.7907407706598948,0.13365580364276947,1.1510710604004706,0.15860911335048486,0.21651426299480783,0.3751233763452927,0.4496373430315671,0.6670037792086841,0.2900336814202692,0.2321314067934666,0.5216254981265984,0.14667015096790204,0.19467895144917735,0.3127955112177556,0.16612536024985358,0,29.3,2026-04-12
Gustav Nyquist,WPG,BOS,1.0,R,12.793913232790247,1.792373358590559,0.3118981928433303,1.4476415498454172,0.1793311458697035,0.24988879097482822,0.42921993684453175,0.3529016310363639,0.8450712087025021,0.32246685976751294,0.25401718055242056,0.518675971192933,0.16417092778056663,0.22111260243663944,0.34898326913120736,0.18481234135064073,0,29.4,2026-03-26
Nikita Nesterenko,ANA,VGK,0.0,C,12.658539655857938,0.332325687529697,0.6812775828633006,1.1836036561887107,0.14742474964586874,0.20956055793829453,0.35698530758416325,0.39863919797069897,1.4593973662534971,0.3010714569309833,0.20879013494620988,0.4307460310847003,0.13707262853148383,0.18905947094042364,0.30021722084133184,0.163144592309848,0,25.8,2026-01-13
Radek Faksa,DAL,STL,1.0,C,12.602850112583388,0.3169338302350718,1.905659315370915,1.0462653831343252,0.14804304891494297,0.20903688052451042,0.3570799294394534,0.5868420590289102,1.1431465790779254,0.30679893333135866,0.302837937085587,0.42282863023253053,0.13760601098254477,0.1886346884866521,0.3002834324536138,0.162677421471069,0,29.4,2026-04-15
Arttu Hyry,DAL,STL,1.0,R,12.58590967328264,0.39938925953364773,1.5980936876803957,1.4049287432184157,0.17820722571043018,0.20365737318585456,0.38186459889628477,0.3692603519425866,1.2155832354312943,0.28501455553028954,0.2954141275804423,0.5269093191584763,0.16323099453057188,0.18425818166810326,0.3174125299545958,0.1541815354240239,0,17.0,2026-04-13
Mark Jankowski,CAR,WSH,1.0,L,12.567113582352317,0.7034754822273127,1.3710830994739986,1.2850698968988128,0.19521360329234513,0.20981111440208577,0.40502471769443094,0.5265603205846449,0.8484108632284192,0.29302283959818376,0.2498410481694988,0.5342356947920079,0.17734108336585674,0.1892626318790237,0.333039675066781,0.15569859170092426,1,29.3,2026-09-29
Alexey Toropchenko,STL,DAL,0.0,R,12.550131067760754,0.3445135301905605,1.3505199925957445,1.2197815004914399,0.13765027786948705,0.16858284038425914,0.3062331182537462,0.5443802912786188,1.760878604626781,0.3171326720103595,0.20982342636339843,0.4459029341580212,0.12859661248751642,0.15513872811249507,0.26378502569912277,0.13518841321160635,0,29.4,2026-04-16
Aleksanteri Kaskimaki,STL,DAL,0.0,C,12.503425502273295,0.8844816151601633,0.449549396038447,1.2761337763088594,0.15129050468647873,0.21102762231030556,0.3623181269967843,0.4722887108510708,0.969950262057628,0.30602932237836467,0.24655298961512798,0.4557650489382186,0.14040205484787438,0.1902483006403538,0.30393910314700634,0.16353704829913196,0,4.7,2025-12-11
Eric Robinson,CAR,WSH,1.0,L,12.494253059464294,0.34465093032781,1.146273142825033,1.3784344997986762,0.17680215844597832,0.19536402406044093,0.37216618250641925,0.30081964819205337,1.2884588872872373,0.2926122628672941,0.24059831459948156,0.5372349589701998,0.1620544514255401,0.17746481904553635,0.3107603065733193,0.14870585514777923,1,29.4,2026-09-29
Mark Kastelic,BOS,WPG,0.0,C,12.461367992839486,0.31313096402456864,1.4361985623903426,1.2265529938032316,0.17541778385900436,0.19072724592229956,0.3661450297813039,0.5638432609334312,1.7069000564860448,0.6325725188001154,0.3052575482242643,0.41462196775342586,0.16089361757377774,0.17364205008389366,0.3065977700567467,0.14570415248296897,1,29.4,2026-09-29
Cole Koepke,WPG,BOS,1.0,L,12.437903164156287,0.3402743352357772,1.688655139721764,1.5830664713036307,0.18344338500362312,0.19415368468782232,0.37759706969144546,0.41072775376340165,2.0820808528494417,0.2784464840748158,0.2848951421951766,0.5378183257869431,0.16760099932969974,0.17646866961283025,0.314493343565037,0.14689234423533726,0,29.3,2026-04-16
Brad Lambert,WPG,BOS,1.0,C,12.431200507177378,1.4580892827972975,0.20582640134591715,1.3842027016159555,0.17137091485322287,0.2470544938755187,0.41842540872874157,0.42112786295136817,1.0589180247092282,0.3339279799499043,0.23794459737267903,0.5712790047105687,0.15749098359898395,0.2189018726925297,0.34191778504950754,0.1844268014505236,0,19.3,2026-04-16
Tanner Jeannot,BOS,WPG,0.0,L,12.363631722067145,0.3704312656394866,0.7063956877281872,1.1148787772173634,0.15869488759355627,0.19559896478714658,0.3542938523807029,0.5435181903703741,2.133443464210961,0.5158778815416816,0.2057928345467467,0.4345059856483954,0.1467433415508147,0.1776580433596716,0.29833124997450855,0.15158790842369385,1,29.4,2026-09-29
Keegan Kolesar,VGK,ANA,1.0,R,12.300706013763504,0.3929231996275226,0.6625213295239256,1.1208366594596584,0.1693571969262252,0.2241750885999282,0.3935322855261534,0.48329915387645234,2.135341417434059,0.4177708892023569,0.21499727981686534,0.5394368855397073,0.15579269872954393,0.2008248043472186,0.3253304648356766,0.1695377661061327,0,29.4,2026-04-15
Sam Colangelo,ANA,VGK,0.0,R,12.268080216294903,1.0631936233670747,0.11881107231304734,1.2314071369908093,0.17869731395328778,0.19151887397683084,0.3702161879301186,0.41163180332807753,1.3893814175225625,0.31618624133060175,0.19423337374804556,0.5081827418265292,0.16364098470825095,0.17429595935951936,0.30941498164750925,0.1457739969392583,0,23.0,2026-01-29
Nathan Walker,STL,DAL,0.0,L,12.240659231832153,0.34916128526546625,0.7209035126448579,1.0166201938261328,0.1365705806815429,0.16544809171801877,0.3020186723995617,0.5824766327019042,2.782214100929192,0.4745486144318833,0.18311098867780412,0.5174447781120584,0.12765525260009147,0.15248614494868684,0.2606757401973395,0.13302048759724805,0,29.3,2026-04-16
Taylor Raddysh,NYR,DET,0.0,R,12.187753955723496,0.8454085355960779,0.6070493172218434,1.081428851181564,0.1580931366660667,0.20923222815534898,0.36732536482141565,0.5141805193267966,0.8260838275699132,0.31341907990458956,0.207409742670876,0.3881090255503218,0.14622973905031378,0.1887931712978761,0.30741573417482027,0.1611859951245065,0,29.4,2026-04-15
Adam Sykora,NYR,DET,0.0,L,12.160172620774672,0.5324427380042187,0.19285431695460176,1.4371067850475938,0.18309195907365972,0.20377812106339366,0.3868700801370534,0.5532783335541124,1.311192251372473,0.3723496659068572,0.22535771459448303,0.39768001520733154,0.16730842133005186,0.18435667481474782,0.3208206719198866,0.15351225058983475,0,9.3,2026-04-15
Jonny Brodzinski,NYR,DET,0.0,C,12.106040807172462,0.8643319875129154,0.19432941224511838,1.346743969797934,0.15924361521338565,0.22158605249392854,0.3808296677073142,0.39784701563834973,0.9798069325711157,0.2787477996210391,0.22569818736977554,0.3742685379405227,0.14721141861095854,0.19875303011879075,0.31670573321273565,0.1694943146017771,0,29.3,2026-04-13
Alex Steeves,BOS,WPG,0.0,C,12.051305794930371,0.8939580764996751,0.28606707227749667,1.2723168098136897,0.16496633668290508,0.22454229467052497,0.38950863135343006,0.48100392305427775,1.9017789362762176,0.3758617641668204,0.22278873206321204,0.4101558722826092,0.1520777525170307,0.2011182124566162,0.3226103592330021,0.17053260671597137,0,24.8,2026-04-12
Nathan Gaucher,ANA,VGK,0.0,C,12.020788592789085,0.7833768691293319,0.6430226384447009,1.1567071645948428,0.15414289661933483,0.2141779287167382,0.368320825336073,0.45902934574496834,1.045405355875522,0.2991465358156747,0.28198994658629334,0.4153074894965396,0.14285047151010344,0.19279525266041297,0.3081048314230669,0.16525435991296344,0,2.9,2026-04-04
Nate Danielson,DET,NYR,1.0,C,12.002181212545127,1.4453176724885317,0.2155832632475431,1.278895729810881,0.17117037777535354,0.2551657108463686,0.4263360886217221,0.4086026416683864,0.6915015831912905,0.2522491728771209,0.28631621152316333,0.5150441032397912,0.15732201236082344,0.22521190346861253,0.3471031259681423,0.18978111360731886,0,18.2,2026-01-03
Alexander Holtz,VGK,ANA,1.0,R,11.991021536133463,0.6389880251140663,0.1535079734312387,1.3406586762930575,0.19062094056620865,0.2458139983117734,0.436434938877982,0.3818732061336244,1.0410583574233092,0.3159853975680415,0.18217446516123864,0.6268764029834057,0.17355419913833903,0.21793232269384988,0.3536634521006996,0.18010925296236058,0,29.3,2026-02-27
Dylan McIlrath,WSH,CAR,0.0,D,11.977498916263231,0.19289590896514336,0.45115363095514815,0.6908644979526593,0.03571516731114229,0.1375604213414825,0.1732755886526248,1.0383900548051357,1.5389029038071504,0.6037118574153136,0.1412102882369166,0.5804202863310199,0.03508490629411842,0.12851830768657713,0.15909416119843323,0.1240092549043148,0,21.8,2026-04-14
Carter Mazur,DET,NYR,1.0,L,11.869707488639067,0.5632834027583149,0.1844033132532713,1.2219478646477682,0.16477936647204752,0.2109219406297942,0.3757013071018417,0.48121665648158934,1.1291980937632549,0.2769217011582392,0.230268568010911,0.4738008505038507,0.1519192014939308,0.1901627201979057,0.3131925530854568,0.161273351591526,0,7.9,2026-04-15
Ethen Frank,WSH,CAR,0.0,R,11.846042704904885,1.1812006502283932,0.13480482315354184,1.279310080598809,0.17985595588886769,0.21170256650216998,0.39155852239103767,0.6665790949554968,0.9721338141331322,0.30656764549234944,0.17748884207577978,0.4609027791344029,0.1646094641677659,0.1907946534471212,0.3239975119448818,0.1593880477771159,0,27.9,2026-04-05
Frank Vatrano,ANA,VGK,0.0,R,11.797884639531736,0.8935632640746379,0.6007279536140843,1.3873438615252043,0.17144923446680507,0.19068180883049643,0.3621310432973015,0.44906304537302666,1.2290362255470053,0.4446423382255521,0.19701401159871393,0.37778314871942276,0.15755696599569635,0.17360450192882804,0.30380886931742423,0.14625190332172788,0,29.4,2026-04-14
Brendan Brisson,NYR,DET,0.0,C,11.794025932913076,0.6429543099074593,0.21829992456478026,1.1419988477275538,0.14427858649385775,0.21840734648806306,0.3626859329819208,0.35686497470372336,0.9262393882559657,0.2515375161963988,0.23825743630156215,0.3519561096749236,0.13435344297475904,0.19620204930238894,0.3041950714346686,0.16984162845990958,0,17.8,2026-03-02
Justin Dowling,NYR,DET,0.0,C,11.771640805835847,0.3184466481215021,0.3682875586527189,0.9988548512404786,0.1304980179373102,0.18837019023687682,0.31886820817418704,0.4631648844471661,1.0780564428999317,0.26262964695941726,0.26726152009725607,0.4513575702953666,0.12234176747934833,0.17169198107205896,0.2730286481250208,0.15068688064567248,0,25.1,2026-01-05
Isak Rosen,WPG,BOS,1.0,R,11.75373751864958,1.258626111034903,0.11775068973455306,1.3225559518063918,0.17472594319970455,0.21002499942550756,0.38475094262521214,0.4184318387895994,0.8181896520521948,0.24721582638177664,0.22565789218487556,0.47211718101140454,0.16031288879821137,0.18943601791699383,0.31937987144050217,0.1590669826422908,0,24.5,2026-04-16
Jack Finley,STL,DAL,0.0,C,11.698865607771088,0.35557031400863665,1.0838192746112434,0.9036025541106537,0.11970649289010525,0.16919690714810845,0.2889034000382137,0.3326686262326757,1.4237386010725601,0.4828872693758391,0.19473480657896813,0.3774561121811953,0.11281920762250541,0.15565737008292913,0.2509154365520754,0.13809622892956996,0,23.2,2026-04-16
Jonas Rondbjerg,VGK,ANA,1.0,R,11.690683668240812,0.3313329850232435,0.5055455291142684,1.3573076167402511,0.16814675186600525,0.20405281108822362,0.37219956295422885,0.40098404133509763,0.6920205058876607,0.2579210706679834,0.3369627328404156,0.3483670398302641,0.15477021346564457,0.1845806931307884,0.31078331331894415,0.15601309985329959,0,24.2,2026-02-01
Cameron Hughes,DAL,STL,1.0,C,11.670757907887202,0.7833768691293317,0.5076515179559905,1.265085566349136,0.17469252615977904,0.23392696920883488,0.4086194953686139,0.4457442492790663,0.9042996067832558,0.2746966685007209,0.27221135604466845,0.47296905825040725,0.1602848284716475,0.20858038821448932,0.33543294493862774,0.17514811646698025,0,2.9,2026-04-11
James van Riemsdyk,DET,NYR,1.0,L,11.64798155322583,1.5189454948542795,0.11670906986831754,1.3167370033899741,0.19587417604151597,0.25119186274340877,0.44706603878492474,0.3335499430460985,0.6394369588291174,0.24694656911183896,0.20933545381252033,0.4942746683061499,0.1778843299813384,0.2221268876285869,0.36049832503327406,0.18261399505193565,0,29.4,2026-04-15
Riley Tufte,BOS,WPG,0.0,L,11.545811762354228,0.9006134874594394,0.14032854657271848,1.1556547149228882,0.1554449395493827,0.19704102912157398,0.3524859686709567,0.3309213797845046,1.1747690443838341,0.3304040173400319,0.20284726831763067,0.3858350782525779,0.1439657907393408,0.17884305872648953,0.2970615670980289,0.1530957763586881,0,13.6,2025-11-28
Michael Eyssimont,BOS,WPG,0.0,C,11.53026154384724,0.519950995836071,0.23247830633618705,1.6337234604431652,0.16362040325718577,0.20256561562442837,0.3661860188816142,0.42669540009369317,1.0340076461384444,0.38055528680331296,0.1954111584798823,0.49182253438541196,0.15093573725587617,0.18336710303736037,0.3066261914078183,0.15569045415194216,0,29.4,2026-04-14
Adam Erne,DAL,STL,1.0,L,11.464776809089743,0.3499154368454997,0.19036448337426762,1.2243706670340995,0.16267903128227137,0.17943500913595564,0.342114040418227,0.4273078906745979,2.031190479324738,0.36881364067077843,0.2548778907048492,0.44185726709553586,0.15013607562355624,0.16425773520990627,0.2897327990782339,0.13959672345467766,0,29.0,2026-04-15
John Leonard,DET,NYR,1.0,L,11.461823841717772,1.0204106177004022,0.13100706648533667,1.3285645946716127,0.17584984482297797,0.2059445073703539,0.3817943521933319,0.545996224518718,0.9733244631587955,0.25004249684111135,0.2535998680088498,0.5414231589474365,0.16125608437672845,0.18612176072648845,0.317364578751161,0.15610849437443253,0,16.1,2026-03-16
Hugh McGing,STL,DAL,0.0,L,11.453472307233952,0.6809885254498506,0.18631158550559404,1.247544532328445,0.1548545993409983,0.1886707471045185,0.3435253464455168,0.41421574076782613,1.0651824698581145,0.30134439321582623,0.29159334931304154,0.4425205080941775,0.14346029013187533,0.17194089732705164,0.2907344964428532,0.14727420631097787,0,7.9,2025-12-15
Brett Leason,WSH,CAR,0.0,R,11.409874983316701,0.5397020897447511,0.8398830551154725,0.9637009416619,0.12584166186365978,0.169449923152599,0.29529158501625874,0.5730080851263701,1.1161205801586565,0.2955539423724302,0.169469389584463,0.42408726791016427,0.11824554891272343,0.15587097525766824,0.2556854751414872,0.13743992622876378,0,29.3,2026-01-17
Brett Berard,NYR,DET,0.0,L,11.342745182682274,0.33486450861070977,0.11880927118426896,1.3361898975630482,0.15380087164302342,0.17303431501655983,0.3268351866595832,0.503396253107894,1.2532866906015054,0.32297822793632786,0.19252878271216725,0.4539866700834708,0.14255725482206927,0.1588912483113366,0.27879740295889,0.13624014813682073,0,23.8,2026-01-29
Sheldon Dries,DET,NYR,1.0,C,11.168428937156898,1.0877648039285657,0.7230468267558182,1.2758061308410127,0.15754900126290175,0.20058080197260264,0.35812980323550436,0.5274259690088389,1.1302492727364772,0.2955165562909898,0.2263446866225133,0.3837679370236162,0.14576504600865958,0.18174462929356328,0.3010176610514198,0.15525261504276022,0,26.6,2026-03-21
Tanner Laczynski,VGK,ANA,1.0,C,11.144316843351655,0.6270950579106377,0.27804078289473805,1.1171860623074066,0.15839066370976618,0.2336827823796733,0.3920734460894395,0.4384847203496801,0.7837983603585633,0.31157446384114224,0.2901905769866642,0.40661322099587377,0.14648372100692875,0.20838711037195978,0.32434551204172235,0.1778617910347936,0,24.2,2026-02-25
Matt Luff,STL,DAL,0.0,R,11.129766513119153,0.41504975513070896,0.1296884187419849,1.2212453948673672,0.1427370456630424,0.16640171153696973,0.30913875720001216,0.4332018695888393,1.2318170071785368,0.25922667276217176,0.26439073854776335,0.3332630723164028,0.13301798439454482,0.1532939657195319,0.2659210957742182,0.13290311137967337,0,16.6,2025-12-18
Ross Johnston,ANA,VGK,0.0,L,11.129687660824851,0.33754679679160043,0.11670907638974316,0.8350249917363941,0.12446532574013597,0.17258201238012186,0.29704733812025785,0.34421833513964506,2.214719424830543,0.6984805176227282,0.17924293770883715,0.46182223444362197,0.11703112287210693,0.15851072655640752,0.25699116111234455,0.13996003824023762,0,29.3,2026-03-10
Marc Gatcomb,VGK,ANA,1.0,C,11.048017043073989,0.30692002303735494,0.19430513463549837,1.2927859263787476,0.16137980246612385,0.2151272971109422,0.3765070995770661,0.4560730001716027,2.3108343219809635,0.3138207107867895,0.21652858830671845,0.3844823824390501,0.14903119032921586,0.19356122368331785,0.3137457544454292,0.16471456411621332,1,28.0,2026-09-29
Parker Ford,WPG,BOS,1.0,C,11.005220434122165,0.38684613833290915,0.6315808726050783,1.0881836361245525,0.14086879843659447,0.18984316255770683,0.33071196099430133,0.513521793154925,1.2709310340549156,0.3066152952384073,0.26095026784778086,0.38339395469642024,0.13139673367148696,0.17291115772989385,0.28158793006031746,0.1501911963888305,0,13.6,2026-04-04
Jaroslav Chmelar,NYR,DET,0.0,R,10.982620040187694,0.4174526491552172,0.12643755854932098,1.1490483861251615,0.15060074598241777,0.1836272349836743,0.3342279809660921,0.4705993470124503,1.4318387430228412,0.34596271946250706,0.231177606153315,0.3210723761645949,0.139808935151992,0.16775402180234733,0.284109445798689,0.14430051064669702,1,18.6,2026-10-01
Nikita Chibrikov,WPG,BOS,1.0,R,10.950748226332337,0.5772424400390559,0.26489358251628364,1.3530686079625605,0.17034890921336052,0.18691332319075177,0.35726223240411226,0.420166895758215,1.3214989662836858,0.460833235143851,0.2502556102539112,0.5224506746731463,0.15662949448420538,0.17048436696223412,0.30041098123168497,0.1437814867474796,0,12.5,2026-04-16
William Carrier,CAR,WSH,1.0,L,10.860836028606258,0.34181830268158725,0.18000948113182158,1.2649927584789011,0.15367413619756684,0.19557788220725741,0.3492520184048242,0.32486038641531845,1.7811274259330465,0.279756187583811,0.2191192881692678,0.3726715441908695,0.1424485795474465,0.17764070608691795,0.29478461938247746,0.15233603983503097,1,29.3,2026-09-29
Matj  Blmel,BOS,WPG,0.0,R,10.826262123675322,0.8545551083016063,0.14294688695952254,1.306471725862058,0.1615363029066004,0.18838915187310776,0.34992545477970816,0.33654924849341944,0.8948017448506516,0.2528982892176068,0.21877546196572575,0.4199530754360569,0.14916435690217567,0.1717076869984956,0.29525937719438056,0.1460950202922049,0,13.1,2025-11-26
Ivan Miroshnichenko,WSH,CAR,0.0,L,10.79107138109452,0.5090704665999842,0.11775068973455308,1.0770760242863933,0.1534966266110073,0.17253998399400064,0.32603661060500794,0.4534669488323072,1.4199694976502502,0.25682124973730697,0.18354774598508267,0.44567043162340253,0.14229634243797495,0.15847535937709878,0.27822123780916896,0.135924895371194,0,24.5,2026-04-14
Noah Philp,CAR,WSH,1.0,C,10.775360679290383,0.3292406252028909,0.696434942590347,1.1026874795850317,0.13043342575624314,0.17546666858733403,0.3059000943435772,0.3377042669167352,1.1323197113439858,0.2564799116449378,0.26408091868303885,0.4661929285637657,0.12228507578897818,0.1609346360587255,0.2635398076801907,0.14125473189121251,0,19.7,2026-01-06
Raphael Lavoie,VGK,ANA,1.0,C,10.665507632424935,0.6539307215062643,0.23790231054861286,1.1737064491972045,0.1650173745473296,0.2171877448272731,0.38220511937460266,0.31970257639271693,1.1226170195917629,0.2931192567156381,0.21756496222075894,0.43363707991650396,0.15212102755339818,0.19522113794780627,0.3176449253964404,0.16552389784304222,0,13.1,2026-03-03
Danil Zhilkin,WPG,BOS,1.0,C,10.596149187241847,0.5720828817862746,0.8616679629791356,1.1581215880662072,0.14321490806972018,0.2035347779340013,0.34674968600372147,0.4315062193725501,0.903642794935332,0.2628736609019705,0.25035215258541643,0.4033237384511476,0.1334321835340876,0.18415816946405228,0.29301772633091083,0.15958554279682324,0,5.5,2026-03-31
Juuso Parssinen,NYR,DET,0.0,C,10.300176235740114,0.33569329883774096,0.23342682935885292,0.8991595149758979,0.12222635110809082,0.16430336916223617,0.28652972027032697,0.46786222469732647,1.20851451061876,0.3685503102890206,0.18474182450012197,0.3604554919826575,0.11505196313790855,0.1515154212238019,0.24913523770424484,0.13408327456633629,0,29.2,2026-03-23
Nathan Bastian,DAL,STL,1.0,R,10.174212642505209,0.34240419199707817,0.1413686119970956,0.9792261479354063,0.14932741121786622,0.16396126583324636,0.3132886770511126,0.2849185426881777,1.629077411697362,0.3645068121492291,0.16460096333262142,0.4234050639291428,0.13871292631997767,0.15122510216807972,0.2689611520332855,0.13024822571330785,0,29.3,2026-03-28
Walker Duehr,WPG,BOS,1.0,R,10.14497797353311,0.35699730778237937,0.19466686385190873,1.0956621787580554,0.141468533470195,0.16705569375970622,0.30852422722990125,0.43438767618562796,1.6590184678576352,0.23790980004291665,0.20150291125584002,0.4352389042724401,0.13191750930129964,0.15384751538828456,0.26546984364736836,0.13355233434606872,0,28.2,2026-03-05
Matt Rempe,NYR,DET,0.0,C,9.952047148642068,0.3844795597129392,0.19479917803781788,0.8847485498542714,0.1250081403178194,0.15903088176259345,0.2840390220804129,0.36239550229865347,2.021870790184137,0.44585880986331805,0.15820598568741703,0.289083883817249,0.11751028119142715,0.1470299826551793,0.2472627292412256,0.12975244804979846,1,27.9,2026-09-29
Nicolas Deslauriers,CAR,WSH,1.0,L,9.916333605402283,0.32568736148495503,0.17657683403900498,1.0197295193420042,0.12576999374227116,0.1549053657793228,0.28067535952159395,0.3080954022398584,2.3015908860070384,0.5949887201322098,0.18716499147378438,0.3868456662342833,0.1181823529631475,0.143503772498497,0.2447265119686839,0.1265441590055364,1,29.3,2026-09-29
Sonny Milano,WSH,CAR,0.0,L,9.7961068744416,1.1187984836115517,0.11674370657832418,1.0278447586242063,0.13883607036846837,0.17922169747714656,0.3180577678456149,0.2766996122031051,0.6346080864441765,0.23318506560102284,0.20216456756815304,0.43441229635400297,0.12962930368826997,0.16407944262579965,0.27243924241692763,0.14280993872865766,0,29.2,2026-02-03
Anton Blidh,NYR,DET,0.0,L,8.811415253880186,0.38392692051143934,0.1398625565528595,1.0038013412035733,0.117622395056356,0.1490658887345852,0.2666882837909412,0.24998064517147706,1.0644189048502857,0.2772304373828269,0.15450390983922133,0.27059238734804836,0.11096830799696034,0.1384876509296452,0.23408821862446927,0.12311991062750893,0,14.2,2026-02-05
Dominik Shine,DET,NYR,1.0,R,8.72895658858943,0.3824161911481502,0.17550509071149736,1.0047322546309967,0.13523674984641249,0.15065114646830027,0.2858878963147128,0.31067722980364115,0.9220698201604548,0.2709149941483167,0.24496063070357027,0.39199178844230126,0.12649091593569572,0.13985228810709793,0.24865316002442406,0.12216224408872833,0,17.8,2026-04-11
