name,team,opponent,is_home,toi,shots_against,saves,goals_against,save_pct,p_shutout,career_starts,gp_30d,last_played
Connor Hellebuyck,WPG,DET,0.0,60.0,27.956503788566863,25.101619426033825,2.8548843625330385,0.8978812091767864,0.05756247711508709,244,0,2026-04-13
Igor Shesterkin,NYR,UTA,1.0,60.0,28.314401424212576,25.64866028821425,2.6657411359983265,0.9058521105193217,0.06954779005703972,227,2,2026-10-01
Stuart Skinner,WPG,DET,0.0,60.0,27.956503788566863,25.025761715412173,2.9307420731546907,0.8951677901028078,0.05335742833515556,211,1,2026-10-02
Karel Vejmelka,UTA,NYR,0.0,60.0,23.255590508659278,20.91485680969748,2.3407336989618,0.8993474838624191,0.09625698866325702,211,1,2026-10-01
Jacob Markstrom,FLA,ANA,0.0,60.0,29.16059631379779,26.12641230246495,3.0341840113328398,0.8959491781758534,0.04811390726499019,201,1,2026-09-29
John Gibson,DET,WPG,1.0,60.0,26.062720389675004,23.48531519452115,2.577405195153855,0.901107591355854,0.07597087809012475,186,1,2026-10-02
Lukas Dostal,ANA,FLA,1.0,60.0,28.213989499326924,25.231273007128948,2.9827164921979756,0.8942823561953501,0.05065504276694652,174,1,2026-10-02
Cam Talbot,DET,WPG,1.0,60.0,26.062720389675004,23.319342226860236,2.743378162814769,0.8947393778624282,0.06435258577170926,171,0,2026-04-15
Joey Daccord,SEA,CGY,1.0,60.0,29.31679273573544,26.348346387226783,2.9684463485086567,0.8987458698068873,0.051383079747416995,160,1,2026-10-01
Kevin Lankinen,VAN,VGK,1.0,60.0,30.939782392408887,27.465504517691656,3.474277874717231,0.8877083933347363,0.030984200220880186,143,2,2026-10-01
Petr Mrazek,ANA,FLA,1.0,60.0,28.213989499326924,25.204754185686134,3.009235313640792,0.8933424387319425,0.04932938585004386,143,0,2026-01-05
Adin Hill,VGK,VAN,0.0,60.0,22.535394144269336,20.18740117588526,2.347992968384076,0.8958086575565326,0.09556076334975047,139,0,2026-04-09
Philipp Grubauer,SEA,CGY,1.0,60.0,29.31679273573544,26.408627152970357,2.9081655827650836,0.9008020553619359,0.05457575280079255,134,1,2026-10-03
Vitek Vanecek,UTA,NYR,0.0,60.0,23.255590508659278,20.808982491154104,2.446608017505174,0.8947948444227132,0.08658678982334134,131,0,2026-04-16
Dustin Wolf,CGY,SEA,0.0,60.0,27.251962708502752,24.526939454244967,2.7250232542577852,0.900006348775475,0.06554467850745174,129,1,2026-10-01
Thatcher Demko,VAN,VGK,1.0,60.0,30.939782392408887,27.823559491100596,3.116222901308291,0.899281033661282,0.044324269783269095,126,0,2026-01-10
Jonathan Quick,NYR,UTA,1.0,60.0,28.314401424212576,25.384764337116877,2.9296370870957,0.8965319081550327,0.05341642013616597,117,0,2026-04-13
Ville Husso,ANA,FLA,1.0,60.0,28.213989499326924,25.24706378660878,2.966925712718143,0.8948420352680388,0.05146127413503233,108,0,2026-04-16
Carter Hart,VGK,VAN,0.0,60.0,22.535394144269336,20.272195356543037,2.2631987877262993,0.8995713687882481,0.10401722300586198,101,2,2026-10-02
Daniil Tarasov,FLA,ANA,0.0,60.0,29.16059631379779,26.185347619631443,2.975248694166346,0.8979702382574886,0.05103474038359076,94,0,2026-04-15
Akira Schmid,FLA,ANA,0.0,60.0,29.16059631379779,26.201329891815195,2.959266421982595,0.8985183159446444,0.051856944337490225,77,1,2026-10-01
Eric Comrie,WPG,DET,0.0,60.0,27.956503788566863,25.104001482688982,2.8525023058778824,0.8979664149905452,0.057699757636863594,74,0,2026-04-16
Spencer Martin,NYR,UTA,1.0,60.0,28.314401424212576,25.15218094735436,3.162220476858215,0.8883175939522389,0.04233164021730785,63,0,2026-01-28
Devin Cooley,CGY,SEA,0.0,60.0,27.251962708502752,24.547566192389205,2.704396516113547,0.9007632387787702,0.06691069118881228,38,1,2026-10-03
Leevi Merilinen,VAN,VGK,1.0,60.0,30.939782392408887,27.684389883093655,3.2553925093152314,0.8947829539320242,0.03856568030343493,36,2,2026-10-03
Matt Murray,SEA,CGY,1.0,60.0,29.31679273573544,26.41699146513523,2.899801270600211,0.9010873632481112,0.05503415587450178,33,0,2025-11-15
Nikita Tolopilo,VAN,VGK,1.0,60.0,30.939782392408887,27.667307072037314,3.2724753203715733,0.8942308229945897,0.03791246533266905,23,0,2026-04-12
Jiri Patera,VAN,VGK,1.0,60.0,30.939782392408887,27.811839518725172,3.1279428736837143,0.8989022342170332,0.04380782284923416,9,0,2025-11-17
Carl Lindbom,VGK,VAN,0.0,60.0,22.535394144269336,20.220657336302367,2.3147368079669706,0.8972843876992673,0.0987921818959628,8,0,2026-01-11
Nikke Kokko,SEA,CGY,1.0,60.0,29.31679273573544,26.364845362312508,2.951947373422932,0.899308652210626,0.05223788017468631,4,0,2026-04-15
Dylan Garand,NYR,UTA,1.0,60.0,28.314401424212576,25.683263589297493,2.631137834915085,0.9070742200940504,0.07199649548896342,4,1,2026-10-02
Thomas Milic,WPG,DET,0.0,60.0,27.956503788566863,25.151316233840163,2.805187554726699,0.8996588566316396,0.06049542390579972,3,0,2025-12-06
Sebastian Cossa,UTA,NYR,0.0,60.0,23.255590508659278,20.96629987329762,2.289290635361661,0.9015595568511048,0.10133832218554803,2,1,2026-10-03
Victor Ostman,SEA,CGY,1.0,60.0,29.31679273573544,26.498488110815913,2.8183046249195285,0.9038672255071005,0.059707082849867824,2,0,2026-04-16
Vyacheslav Buteyets,ANA,FLA,1.0,60.0,28.213989499326924,25.383908570860985,2.83008092846594,0.8996922810744842,0.05900807804297431,1,0,2025-12-03
Arsenii Sergeev,CGY,SEA,0.0,60.0,27.251962708502752,24.611286775703086,2.640675932799667,0.9031014403973273,0.07131305043194679,1,0,2026-04-16
